Workbook

Sheet Collection_Guide
A1: Purpose | B1: Master file for collecting 14 individual card-sorting responses and computing expert consensus.
A2: 1 | B2: Copy Evaluation!C6:C29 from each individual response workbook.
A3: 2 | B3: Paste values into one teacher/respondent column in the master Evaluation sheet.
A4: 3 | B4: Leave blanks as blanks. Valid N in pair data will exclude missing pairwise responses.
A5: 4 | B5: Do not sort rows or edit department names / row numbers.
A6: 5 | B6: Later merge Course similarity, Cluster co-membership, and Score difference into pair-data columns I-K.
A7: QA | B7: If a respondent uses only one group or almost all singleton groups, report sensitivity analysis with and without that response.

Sheet 안내
A1: 학과 유사성 평가 — Card Sorting
A3: ■ 연구 목적
A4: 고등학생 진로·진학 지도를 위한 학과 군집화 연구의 일환으로, 진학 지도 현장의 경험이 반영된 학과 유사성 체계를 구축하기 위한 평가입니다. 결과는 울산고교 과목로드맵 DB 고도화에 직접 활용될 예정입니다.
A6: ■ 가장 중요한 3가지 규칙
A7: ★ | B7: 비슷한 성격의 학과에는 같은 번호를, 다르다고 판단되면 다른 번호를 입력하세요.
A8: ★ | B8: 학과 순서는 무작위입니다. 순서 자체에는 의미가 없으니 신경 쓰지 마세요.
A9: ★ | B9: 반드시 큰 묶음을 만들 필요는 없습니다. 본인의 직관을 믿고 자유롭게 분류하세요.
A11: ■ 상세 평가 방법
A12: 1 | B12: 제시된 24개 학과를 "비슷한 성격의 학과끼리" 자유롭게 묶어주세요.
A13: 2 | B13: 판단 기준: "이 학생에게 A학과를 추천한다면 B학과도 함께 추천할 만한가?"
A14: 3 | B14: [평가] 시트에서 본인 이름이 적힌 열에 그룹 번호를 입력해주세요.
A15: 4 | B15: 같은 그룹이면 같은 숫자. 숫자는 자유롭게 사용하세요 (예: 1~5, 또는 1~10 등).
A16: 5 | B16: 예: 기계공학과와 조선해양공학과를 같은 그룹으로 묶는다면 둘 다 "1"을 입력.
A17: 6 | B17: 판단이 애매했던 학과는 오른쪽 "비고" 칸에 간단히 메모해주시면 큰 도움이 됩니다.
A18: 7 | B18: 독립적 판단이 중요하므로 다른 선생님과 상의하지 말아주세요. (평가 후 토론은 환영합니다.)
A20: ■ 소요 시간
A21: 약 30~40분 (충분히 시간을 가지고 판단해주세요)
A23: ■ 윤리적 고려
A24: 본 평가 데이터는 익명 처리되어 학술 연구 목적으로만 사용됩니다. 개인 식별 정보는 수집되지 않으며, 언제든지 참여를 철회하실 수 있습니다.
A26: 소중한 시간을 내주셔서 진심으로 감사드립니다.
A28: ■ 추가 유의사항: 그룹 번호는 각 평가자 내부에서만 의미가 있습니다. 여러 평가자가 한 파일을 공유하면 독립 판단이 훼손될 수 있으므로, 가능하면 평가자별 별도 사본으로 수집하세요.

Sheet 평가
A1: 학과 유사성 평가 — 본인 이름 열에 그룹 번호를, 헷갈린 학과는 비고 칸에 메모
A2: ★ 비슷한 학과에는 같은 번호 | ★ 다른 학과에는 다른 번호 | ★ 학과 순서는 무작위 (순서에 의미 없음)
A3: 예시) 기계공학과와 조선해양공학과를 같은 그룹으로 묶고 싶다면 둘 다 "1" 입력. 의예과를 다른 그룹으로 묶고 싶다면 "2" 입력. 그룹 수는 제한 없으니 3개든 10개든 자유롭게.
A5: 번호 | B5: 학과명 | C5: 담임1 | D5: 담임2 | E5: 담임3 | F5: 담임4 | G5: 담임5 | H5: 담임6 | I5: 담임7 | J5: 담임8 | K5: 담임9 | L5: 담임10 | M5: 담임11 | N5: 담임12 | O5: 담임13 | P5: 담임14 | Q5: 비고 (애매했던 학과만 메모) | R5: 응답 수 (자동)
A6: 1 | B6: 건축학과 | R6: =COUNTA(C6:P6)
A7: 2 | B7: 국어국문학과 | R7: =COUNTA(C7:P7)
A8: 3 | B8: 심리학과 | R8: =COUNTA(C8:P8)
A9: 4 | B9: 기계공학과 | R9: =COUNTA(C9:P9)
A10: 5 | B10: 화학과 | R10: =COUNTA(C10:P10)
A11: 6 | B11: 산업공학과 | R11: =COUNTA(C11:P11)
A12: 7 | B12: 신소재공학과 | R12: =COUNTA(C12:P12)
A13: 8 | B13: 조선해양공학과 | R13: =COUNTA(C13:P13)
A14: 9 | B14: 의예과 | R14: =COUNTA(C14:P14)
A15: 10 | B15: 수학과 | R15: =COUNTA(C15:P15)
A16: 11 | B16: 경영학과 | R16: =COUNTA(C16:P16)
A17: 12 | B17: 약학과 | R17: =COUNTA(C17:P17)
... A29: 24 | B29: 컴퓨터공학과 | R29: =COUNTA(C29:P29)
B31: 사용한 그룹 수 (자동)
B32: 완료율 (자동) | C32: =COUNTA(C6:C29)/24 | D32: =COUNTA(D6:D29)/24 | E32: =COUNTA(E6:E29)/24 | F32: =COUNTA(F6:F29)/24 | G32: =COUNTA(G6:G29)/24 | H32: =COUNTA(H6:H29)/24 | I32: =COUNTA(I6:I29)/24 | J32: =COUNTA(J6:J29)/24 | ... P32: =COUNTA(P6:P29)/24

Sheet 집계분석
A1: 집계 분석 — 학과 쌍별 공분류 빈도 (담임들이 같은 그룹에 넣은 비율)
A2: 이 시트는 평가가 완료되면 자동으로 계산됩니다. 각 셀은 "두 학과를 같은 그룹으로 분류한 담임 수 / 전체 응답 담임 수"를 나타냅니다. 1.0에 가까울수록 강한 합의, 0에 가까울수록 상이한 판단.
A4: 학과 | B4: 건축학과 | C4: 국어국문학과 | D4: 심리학과 | E4: 기계공학과 | F4: 화학과 | G4: 산업공학과 | H4: 신소재공학과 | I4: 조선해양공학과 | J4: 의예과 | K4: 수학과 | L4: 경영학과 | M4: 약학과 | N4: 사회학과 | O4: 경제학과 | P4: 생명과학과 | Q4: 미디어커뮤니케이션학과 | R4: 화학공학과 | S4: 디자인학과 | T4: 식품영양학과 | U4: 간호학과 | V4: 전기전자공학과 | W4: 사학과 | X4: 응용통계학과 | Y4: 컴퓨터공학과
A5: 건축학과 | B5: ="-" | C5: =IFERROR(SUMPRODUCT((평가!C6:P6<>"")*(평가!C7:P7<>"")*(평가!C6:P6=평가!C7:P7))/SUMPRODUCT((평가!C6:P6<>"")*(평가!C7:P7<>"")),"") | D5: =IFERROR(SUMPRODUCT((평가!C6:P6<>"")*(평가!C8:P8<>"")*(평가!C6:P6=평가!C8:P8))/SUMPRODUCT((평가!C6:P6<>"")*(평가!C8:P8<>"")),"") | E5: =IFERROR(SUMPRODUCT((평가!C6:P6<>"")*(평가!C9:P9<>"")*(평가!C6:P6=평가!C9:P9))/SUMPRODUCT((평가!C6:P6<>"")*(평가!C9:P9<>"")),"") | F5: =IFERROR(SUMPRODUCT((평가!C6:P6<>"")*(평가!C10:P10<>"")*(평가!C6:P6=평가!C10:P10))/SUMPRODUCT((평가!C6:P6<>"")*(평가!C10:P10<>"")),"") | G5: =IFERROR(SUMPRODUCT((평가!C6:P6<>"")*(평가!C11:P11<>"")*(평가!C6:P6=평가!C11:P11))/SUMPRODUCT((평가!C6:P6<>"")*(평가!C11:P11<>"")),"") | H5: =IFERROR(SUMPRODUCT((평가!C6:P6<>"")*(평가!C12:P12<>"")*(평가!C6:P6=평가!C12:P12))/SUMPRODUCT((평가!C6:P6<>"")*(평가!C12:P12<>"")),"") | I5: =IFERROR(SUMPRODUCT((평가!C6:P6<>"")*(평가!C13:P13<>"")*(평가!C6:P6=평가!C13:P13))/SUMPRODUCT((평가!C6:P6<>"")*(평가!C13:P13<>"")),"") | J5: =IFERROR(SUMPRODUCT((평가!C6:P6<>"")*(평가!C14:P14<>"")*(평가!C6:P6=평가!C14:P14))/SUMPRODUCT((평가!C6:P6<>"")*(평가!C14:P14<>"")),"") | K5: =IFERROR(SUMPRODUCT((평가!C6:P6<>"")*(평가!C15:P15<>"")*(평가!C6:P6=평가!C15:P15))/SUMPRODUCT((평가!C6:P6<>"")*(평가!C15:P15<>"")),"") | L5: =IFERROR(SUMPRODUCT((평가!C6:P6<>"")*(평가!C16:P16<>"")*(평가!C6:P6=평가!C16:P16))/SUMPRODUCT((평가!C6:P6<>"")*(평가!C16:P16<>"")),"") | M5: =IFERROR(SUMPRODUCT((평가!C6:P6<>"")*(평가!C17:P17<>"")*(평가!C6:P6=평가!C17:P17))/SUMPRODUCT((평가!C6:P6<>"")*(평가!C17:P17<>"")),"") | N5: =IFERROR(SUMPRODUCT((평가!C6:P6<>"")*(평가!C18:P18<>"")*(평가!C6:P6=평가!C18:P18))/SUMPRODUCT((평가!C6:P6<>"")*(평가!C18:P18<>"")),"") | O5: =IFERROR(SUMPRODUCT((평가!C6:P6<>"")*(평가!C19:P19<>"")*(평가!C6:P6=평가!C19:P19))/SUMPRODUCT((평가!C6:P6<>"")*(평가!C19:P19<>"")),"") | P5: =IFERROR(SUMPRODUCT((평가!C6:P6<>"")*(평가!C20:P20<>"")*(평가!C6:P6=평가!C20:P20))/SUMPRODUCT((평가!C6:P6<>"")*(평가!C20:P20<>"")),"") | Q5: =IFERROR(SUMPRODUCT((평가!C6:P6<>"")*(평가!C21:P21<>"")*(평가!C6:P6=평가!C21:P21))/SUMPRODUCT((평가!C6:P6<>"")*(평가!C21:P21<>"")),"") | R5: =IFERROR(SUMPRODUCT((평가!C6:P6<>"")*(평가!C22:P22<>"")*(평가!C6:P6=평가!C22:P22))/SUMPRODUCT((평가!C6:P6<>"")*(평가!C22:P22<>"")),"") | S5: =IFERROR(SUMPRODUCT((평가!C6:P6<>"")*(평가!C23:P23<>"")*(평가!C6:P6=평가!C23:P23))/SUMPRODUCT((평가!C6:P6<>"")*(평가!C23:P23<>"")),"") | T5: =IFERROR(SUMPRODUCT((평가!C6:P6<>"")*(평가!C24:P24<>"")*(평가!C6:P6=평가!C24:P24))/SUMPRODUCT((평가!C6:P6<>"")*(평가!C24:P24<>"")),"") | U5: =IFERROR(SUMPRODUCT((평가!C6:P6<>"")*(평가!C25:P25<>"")*(평가!C6:P6=평가!C25:P25))/SUMPRODUCT((평가!C6:P6<>"")*(평가!C25:P25<>"")),"") | V5: =IFERROR(SUMPRODUCT((평가!C6:P6<>"")*(평가!C26:P26<>"")*(평가!C6:P6=평가!C26:P26))/SUMPRODUCT((평가!C6:P6<>"")*(평가!C26:P26<>"")),"") | W5: =IFERROR(SUMPRODUCT((평가!C6:P6<>"")*(평가!C27:P27<>"")*(평가!C6:P6=평가!C27:P27))/SUMPRODUCT((평가!C6:P6<>"")*(평가!C27:P27<>"")),"") | X5: =IFERROR(SUMPRODUCT((평가!C6:P6<>"")*(평가!C28:P28<>"")*(평가!C6:P6=평가!C28:P28))/SUMPRODUCT((평가!C6:P6<>"")*(평가!C28:P28<>"")),"") | Y5: =IFERROR(SUMPRODUCT((평가!C6:P6<>"")*(평가!C29:P29<>"")*(평가!C6:P6=평가!C29:P29))/SUMPRODUCT((평가!C6:P6<>"")*(평가!C29:P29<>"")),"")
A6: 국어국문학과 | B6: =IFERROR(SUMPRODUCT((평가!C7:P7<>"")*(평가!C6:P6<>"")*(평가!C7:P7=평가!C6:P6))/SUMPRODUCT((평가!C7:P7<>"")*(평가!C6:P6<>"")),"") | C6: ="-" | D6: =IFERROR(SUMPRODUCT((평가!C7:P7<>"")*(평가!C8:P8<>"")*(평가!C7:P7=평가!C8:P8))/SUMPRODUCT((평가!C7:P7<>"")*(평가!C8:P8<>"")),"") | E6: =IFERROR(SUMPRODUCT((평가!C7:P7<>"")*(평가!C9:P9<>"")*(평가!C7:P7=평가!C9:P9))/SUMPRODUCT((평가!C7:P7<>"")*(평가!C9:P9<>"")),"") | F6: =IFERROR(SUMPRODUCT((평가!C7:P7<>"")*(평가!C10:P10<>"")*(평가!C7:P7=평가!C10:P10))/SUMPRODUCT((평가!C7:P7<>"")*(평가!C10:P10<>"")),"") | G6: =IFERROR(SUMPRODUCT((평가!C7:P7<>"")*(평가!C11:P11<>"")*(평가!C7:P7=평가!C11:P11))/SUMPRODUCT((평가!C7:P7<>"")*(평가!C11:P11<>"")),"") | H6: =IFERROR(SUMPRODUCT((평가!C7:P7<>"")*(평가!C12:P12<>"")*(평가!C7:P7=평가!C12:P12))/SUMPRODUCT((평가!C7:P7<>"")*(평가!C12:P12<>"")),"") | I6: =IFERROR(SUMPRODUCT((평가!C7:P7<>"")*(평가!C13:P13<>"")*(평가!C7:P7=평가!C13:P13))/SUMPRODUCT((평가!C7:P7<>"")*(평가!C13:P13<>"")),"") | J6: =IFERROR(SUMPRODUCT((평가!C7:P7<>"")*(평가!C14:P14<>"")*(평가!C7:P7=평가!C14:P14))/SUMPRODUCT((평가!C7:P7<>"")*(평가!C14:P14<>"")),"") | K6: =IFERROR(SUMPRODUCT((평가!C7:P7<>"")*(평가!C15:P15<>"")*(평가!C7:P7=평가!C15:P15))/SUMPRODUCT((평가!C7:P7<>"")*(평가!C15:P15<>"")),"") | L6: =IFERROR(SUMPRODUCT((평가!C7:P7<>"")*(평가!C16:P16<>"")*(평가!C7:P7=평가!C16:P16))/SUMPRODUCT((평가!C7:P7<>"")*(평가!C16:P16<>"")),"") | M6: =IFERROR(SUMPRODUCT((평가!C7:P7<>"")*(평가!C17:P17<>"")*(평가!C7:P7=평가!C17:P17))/SUMPRODUCT((평가!C7:P7<>"")*(평가!C17:P17<>"")),"") | N6: =IFERROR(SUMPRODUCT((평가!C7:P7<>"")*(평가!C18:P18<>"")*(평가!C7:P7=평가!C18:P18))/SUMPRODUCT((평가!C7:P7<>"")*(평가!C18:P18<>"")),"") | O6: =IFERROR(SUMPRODUCT((평가!C7:P7<>"")*(평가!C19:P19<>"")*(평가!C7:P7=평가!C19:P19))/SUMPRODUCT((평가!C7:P7<>"")*(평가!C19:P19<>"")),"") | P6: =IFERROR(SUMPRODUCT((평가!C7:P7<>"")*(평가!C20:P20<>"")*(평가!C7:P7=평가!C20:P20))/SUMPRODUCT((평가!C7:P7<>"")*(평가!C20:P20<>"")),"") | Q6: =IFERROR(SUMPRODUCT((평가!C7:P7<>"")*(평가!C21:P21<>"")*(평가!C7:P7=평가!C21:P21))/SUMPRODUCT((평가!C7:P7<>"")*(평가!C21:P21<>"")),"") | R6: =IFERROR(SUMPRODUCT((평가!C7:P7<>"")*(평가!C22:P22<>"")*(평가!C7:P7=평가!C22:P22))/SUMPRODUCT((평가!C7:P7<>"")*(평가!C22:P22<>"")),"") | S6: =IFERROR(SUMPRODUCT((평가!C7:P7<>"")*(평가!C23:P23<>"")*(평가!C7:P7=평가!C23:P23))/SUMPRODUCT((평가!C7:P7<>"")*(평가!C23:P23<>"")),"") | T6: =IFERROR(SUMPRODUCT((평가!C7:P7<>"")*(평가!C24:P24<>"")*(평가!C7:P7=평가!C24:P24))/SUMPRODUCT((평가!C7:P7<>"")*(평가!C24:P24<>"")),"") | U6: =IFERROR(SUMPRODUCT((평가!C7:P7<>"")*(평가!C25:P25<>"")*(평가!C7:P7=평가!C25:P25))/SUMPRODUCT((평가!C7:P7<>"")*(평가!C25:P25<>"")),"") | V6: =IFERROR(SUMPRODUCT((평가!C7:P7<>"")*(평가!C26:P26<>"")*(평가!C7:P7=평가!C26:P26))/SUMPRODUCT((평가!C7:P7<>"")*(평가!C26:P26<>"")),"") | W6: =IFERROR(SUMPRODUCT((평가!C7:P7<>"")*(평가!C27:P27<>"")*(평가!C7:P7=평가!C27:P27))/SUMPRODUCT((평가!C7:P7<>"")*(평가!C27:P27<>"")),"") | X6: =IFERROR(SUMPRODUCT((평가!C7:P7<>"")*(평가!C28:P28<>"")*(평가!C7:P7=평가!C28:P28))/SUMPRODUCT((평가!C7:P7<>"")*(평가!C28:P28<>"")),"") | Y6: =IFERROR(SUMPRODUCT((평가!C7:P7<>"")*(평가!C29:P29<>"")*(평가!C7:P7=평가!C29:P29))/SUMPRODUCT((평가!C7:P7<>"")*(평가!C29:P29<>"")),"")
A7: 심리학과 | B7: =IFERROR(SUMPRODUCT((평가!C8:P8<>"")*(평가!C6:P6<>"")*(평가!C8:P8=평가!C6:P6))/SUMPRODUCT((평가!C8:P8<>"")*(평가!C6:P6<>"")),"") | C7: =IFERROR(SUMPRODUCT((평가!C8:P8<>"")*(평가!C7:P7<>"")*(평가!C8:P8=평가!C7:P7))/SUMPRODUCT((평가!C8:P8<>"")*(평가!C7:P7<>"")),"") | D7: ="-" | E7: =IFERROR(SUMPRODUCT((평가!C8:P8<>"")*(평가!C9:P9<>"")*(평가!C8:P8=평가!C9:P9))/SUMPRODUCT((평가!C8:P8<>"")*(평가!C9:P9<>"")),"") | F7: =IFERROR(SUMPRODUCT((평가!C8:P8<>"")*(평가!C10:P10<>"")*(평가!C8:P8=평가!C10:P10))/SUMPRODUCT((평가!C8:P8<>"")*(평가!C10:P10<>"")),"") | G7: =IFERROR(SUMPRODUCT((평가!C8:P8<>"")*(평가!C11:P11<>"")*(평가!C8:P8=평가!C11:P11))/SUMPRODUCT((평가!C8:P8<>"")*(평가!C11:P11<>"")),"") | H7: =IFERROR(SUMPRODUCT((평가!C8:P8<>"")*(평가!C12:P12<>"")*(평가!C8:P8=평가!C12:P12))/SUMPRODUCT((평가!C8:P8<>"")*(평가!C12:P12<>"")),"") | I7: =IFERROR(SUMPRODUCT((평가!C8:P8<>"")*(평가!C13:P13<>"")*(평가!C8:P8=평가!C13:P13))/SUMPRODUCT((평가!C8:P8<>"")*(평가!C13:P13<>"")),"") | J7: =IFERROR(SUMPRODUCT((평가!C8:P8<>"")*(평가!C14:P14<>"")*(평가!C8:P8=평가!C14:P14))/SUMPRODUCT((평가!C8:P8<>"")*(평가!C14:P14<>"")),"") | K7: =IFERROR(SUMPRODUCT((평가!C8:P8<>"")*(평가!C15:P15<>"")*(평가!C8:P8=평가!C15:P15))/SUMPRODUCT((평가!C8:P8<>"")*(평가!C15:P15<>"")),"") | L7: =IFERROR(SUMPRODUCT((평가!C8:P8<>"")*(평가!C16:P16<>"")*(평가!C8:P8=평가!C16:P16))/SUMPRODUCT((평가!C8:P8<>"")*(평가!C16:P16<>"")),"") | M7: =IFERROR(SUMPRODUCT((평가!C8:P8<>"")*(평가!C17:P17<>"")*(평가!C8:P8=평가!C17:P17))/SUMPRODUCT((평가!C8:P8<>"")*(평가!C17:P17<>"")),"") | N7: =IFERROR(SUMPRODUCT((평가!C8:P8<>"")*(평가!C18:P18<>"")*(평가!C8:P8=평가!C18:P18))/SUMPRODUCT((평가!C8:P8<>"")*(평가!C18:P18<>"")),"") | O7: =IFERROR(SUMPRODUCT((평가!C8:P8<>"")*(평가!C19:P19<>"")*(평가!C8:P8=평가!C19:P19))/SUMPRODUCT((평가!C8:P8<>"")*(평가!C19:P19<>"")),"") | P7: =IFERROR(SUMPRODUCT((평가!C8:P8<>"")*(평가!C20:P20<>"")*(평가!C8:P8=평가!C20:P20))/SUMPRODUCT((평가!C8:P8<>"")*(평가!C20:P20<>"")),"") | Q7: =IFERROR(SUMPRODUCT((평가!C8:P8<>"")*(평가!C21:P21<>"")*(평가!C8:P8=평가!C21:P21))/SUMPRODUCT((평가!C8:P8<>"")*(평가!C21:P21<>"")),"") | R7: =IFERROR(SUMPRODUCT((평가!C8:P8<>"")*(평가!C22:P22<>"")*(평가!C8:P8=평가!C22:P22))/SUMPRODUCT((평가!C8:P8<>"")*(평가!C22:P22<>"")),"") | S7: =IFERROR(SUMPRODUCT((평가!C8:P8<>"")*(평가!C23:P23<>"")*(평가!C8:P8=평가!C23:P23))/SUMPRODUCT((평가!C8:P8<>"")*(평가!C23:P23<>"")),"") | T7: =IFERROR(SUMPRODUCT((평가!C8:P8<>"")*(평가!C24:P24<>"")*(평가!C8:P8=평가!C24:P24))/SUMPRODUCT((평가!C8:P8<>"")*(평가!C24:P24<>"")),"") | U7: =IFERROR(SUMPRODUCT((평가!C8:P8<>"")*(평가!C25:P25<>"")*(평가!C8:P8=평가!C25:P25))/SUMPRODUCT((평가!C8:P8<>"")*(평가!C25:P25<>"")),"") | V7: =IFERROR(SUMPRODUCT((평가!C8:P8<>"")*(평가!C26:P26<>"")*(평가!C8:P8=평가!C26:P26))/SUMPRODUCT((평가!C8:P8<>"")*(평가!C26:P26<>"")),"") | W7: =IFERROR(SUMPRODUCT((평가!C8:P8<>"")*(평가!C27:P27<>"")*(평가!C8:P8=평가!C27:P27))/SUMPRODUCT((평가!C8:P8<>"")*(평가!C27:P27<>"")),"") | X7: =IFERROR(SUMPRODUCT((평가!C8:P8<>"")*(평가!C28:P28<>"")*(평가!C8:P8=평가!C28:P28))/SUMPRODUCT((평가!C8:P8<>"")*(평가!C28:P28<>"")),"") | Y7: =IFERROR(SUMPRODUCT((평가!C8:P8<>"")*(평가!C29:P29<>"")*(평가!C8:P8=평가!C29:P29))/SUMPRODUCT((평가!C8:P8<>"")*(평가!C29:P29<>"")),"")
A8: 기계공학과 | B8: =IFERROR(SUMPRODUCT((평가!C9:P9<>"")*(평가!C6:P6<>"")*(평가!C9:P9=평가!C6:P6))/SUMPRODUCT((평가!C9:P9<>"")*(평가!C6:P6<>"")),"") | C8: =IFERROR(SUMPRODUCT((평가!C9:P9<>"")*(평가!C7:P7<>"")*(평가!C9:P9=평가!C7:P7))/SUMPRODUCT((평가!C9:P9<>"")*(평가!C7:P7<>"")),"") | D8: =IFERROR(SUMPRODUCT((평가!C9:P9<>"")*(평가!C8:P8<>"")*(평가!C9:P9=평가!C8:P8))/SUMPRODUCT((평가!C9:P9<>"")*(평가!C8:P8<>"")),"") | E8: ="-" | F8: =IFERROR(SUMPRODUCT((평가!C9:P9<>"")*(평가!C10:P10<>"")*(평가!C9:P9=평가!C10:P10))/SUMPRODUCT((평가!C9:P9<>"")*(평가!C10:P10<>"")),"") | G8: =IFERROR(SUMPRODUCT((평가!C9:P9<>"")*(평가!C11:P11<>"")*(평가!C9:P9=평가!C11:P11))/SUMPRODUCT((평가!C9:P9<>"")*(평가!C11:P11<>"")),"") | H8: =IFERROR(SUMPRODUCT((평가!C9:P9<>"")*(평가!C12:P12<>"")*(평가!C9:P9=평가!C12:P12))/SUMPRODUCT((평가!C9:P9<>"")*(평가!C12:P12<>"")),"") | I8: =IFERROR(SUMPRODUCT((평가!C9:P9<>"")*(평가!C13:P13<>"")*(평가!C9:P9=평가!C13:P13))/SUMPRODUCT((평가!C9:P9<>"")*(평가!C13:P13<>"")),"") | J8: =IFERROR(SUMPRODUCT((평가!C9:P9<>"")*(평가!C14:P14<>"")*(평가!C9:P9=평가!C14:P14))/SUMPRODUCT((평가!C9:P9<>"")*(평가!C14:P14<>"")),"") | K8: =IFERROR(SUMPRODUCT((평가!C9:P9<>"")*(평가!C15:P15<>"")*(평가!C9:P9=평가!C15:P15))/SUMPRODUCT((평가!C9:P9<>"")*(평가!C15:P15<>"")),"") | L8: =IFERROR(SUMPRODUCT((평가!C9:P9<>"")*(평가!C16:P16<>"")*(평가!C9:P9=평가!C16:P16))/SUMPRODUCT((평가!C9:P9<>"")*(평가!C16:P16<>"")),"") | M8: =IFERROR(SUMPRODUCT((평가!C9:P9<>"")*(평가!C17:P17<>"")*(평가!C9:P9=평가!C17:P17))/SUMPRODUCT((평가!C9:P9<>"")*(평가!C17:P17<>"")),"") | N8: =IFERROR(SUMPRODUCT((평가!C9:P9<>"")*(평가!C18:P18<>"")*(평가!C9:P9=평가!C18:P18))/SUMPRODUCT((평가!C9:P9<>"")*(평가!C18:P18<>"")),"") | O8: =IFERROR(SUMPRODUCT((평가!C9:P9<>"")*(평가!C19:P19<>"")*(평가!C9:P9=평가!C19:P19))/SUMPRODUCT((평가!C9:P9<>"")*(평가!C19:P19<>"")),"") | P8: =IFERROR(SUMPRODUCT((평가!C9:P9<>"")*(평가!C20:P20<>"")*(평가!C9:P9=평가!C20:P20))/SUMPRODUCT((평가!C9:P9<>"")*(평가!C20:P20<>"")),"") | Q8: =IFERROR(SUMPRODUCT((평가!C9:P9<>"")*(평가!C21:P21<>"")*(평가!C9:P9=평가!C21:P21))/SUMPRODUCT((평가!C9:P9<>"")*(평가!C21:P21<>"")),"") | R8: =IFERROR(SUMPRODUCT((평가!C9:P9<>"")*(평가!C22:P22<>"")*(평가!C9:P9=평가!C22:P22))/SUMPRODUCT((평가!C9:P9<>"")*(평가!C22:P22<>"")),"") | S8: =IFERROR(SUMPRODUCT((평가!C9:P9<>"")*(평가!C23:P23<>"")*(평가!C9:P9=평가!C23:P23))/SUMPRODUCT((평가!C9:P9<>"")*(평가!C23:P23<>"")),"") | T8: =IFERROR(SUMPRODUCT((평가!C9:P9<>"")*(평가!C24:P24<>"")*(평가!C9:P9=평가!C24:P24))/SUMPRODUCT((평가!C9:P9<>"")*(평가!C24:P24<>"")),"") | U8: =IFERROR(SUMPRODUCT((평가!C9:P9<>"")*(평가!C25:P25<>"")*(평가!C9:P9=평가!C25:P25))/SUMPRODUCT((평가!C9:P9<>"")*(평가!C25:P25<>"")),"") | V8: =IFERROR(SUMPRODUCT((평가!C9:P9<>"")*(평가!C26:P26<>"")*(평가!C9:P9=평가!C26:P26))/SUMPRODUCT((평가!C9:P9<>"")*(평가!C26:P26<>"")),"") | W8: =IFERROR(SUMPRODUCT((평가!C9:P9<>"")*(평가!C27:P27<>"")*(평가!C9:P9=평가!C27:P27))/SUMPRODUCT((평가!C9:P9<>"")*(평가!C27:P27<>"")),"") | X8: =IFERROR(SUMPRODUCT((평가!C9:P9<>"")*(평가!C28:P28<>"")*(평가!C9:P9=평가!C28:P28))/SUMPRODUCT((평가!C9:P9<>"")*(평가!C28:P28<>"")),"") | Y8: =IFERROR(SUMPRODUCT((평가!C9:P9<>"")*(평가!C29:P29<>"")*(평가!C9:P9=평가!C29:P29))/SUMPRODUCT((평가!C9:P9<>"")*(평가!C29:P29<>"")),"")
A9: 화학과 | B9: =IFERROR(SUMPRODUCT((평가!C10:P10<>"")*(평가!C6:P6<>"")*(평가!C10:P10=평가!C6:P6))/SUMPRODUCT((평가!C10:P10<>"")*(평가!C6:P6<>"")),"") | C9: =IFERROR(SUMPRODUCT((평가!C10:P10<>"")*(평가!C7:P7<>"")*(평가!C10:P10=평가!C7:P7))/SUMPRODUCT((평가!C10:P10<>"")*(평가!C7:P7<>"")),"") | D9: =IFERROR(SUMPRODUCT((평가!C10:P10<>"")*(평가!C8:P8<>"")*(평가!C10:P10=평가!C8:P8))/SUMPRODUCT((평가!C10:P10<>"")*(평가!C8:P8<>"")),"") | E9: =IFERROR(SUMPRODUCT((평가!C10:P10<>"")*(평가!C9:P9<>"")*(평가!C10:P10=평가!C9:P9))/SUMPRODUCT((평가!C10:P10<>"")*(평가!C9:P9<>"")),"") | F9: ="-" | G9: =IFERROR(SUMPRODUCT((평가!C10:P10<>"")*(평가!C11:P11<>"")*(평가!C10:P10=평가!C11:P11))/SUMPRODUCT((평가!C10:P10<>"")*(평가!C11:P11<>"")),"") | H9: =IFERROR(SUMPRODUCT((평가!C10:P10<>"")*(평가!C12:P12<>"")*(평가!C10:P10=평가!C12:P12))/SUMPRODUCT((평가!C10:P10<>"")*(평가!C12:P12<>"")),"") | I9: =IFERROR(SUMPRODUCT((평가!C10:P10<>"")*(평가!C13:P13<>"")*(평가!C10:P10=평가!C13:P13))/SUMPRODUCT((평가!C10:P10<>"")*(평가!C13:P13<>"")),"") | J9: =IFERROR(SUMPRODUCT((평가!C10:P10<>"")*(평가!C14:P14<>"")*(평가!C10:P10=평가!C14:P14))/SUMPRODUCT((평가!C10:P10<>"")*(평가!C14:P14<>"")),"") | K9: =IFERROR(SUMPRODUCT((평가!C10:P10<>"")*(평가!C15:P15<>"")*(평가!C10:P10=평가!C15:P15))/SUMPRODUCT((평가!C10:P10<>"")*(평가!C15:P15<>"")),"") | L9: =IFERROR(SUMPRODUCT((평가!C10:P10<>"")*(평가!C16:P16<>"")*(평가!C10:P10=평가!C16:P16))/SUMPRODUCT((평가!C10:P10<>"")*(평가!C16:P16<>"")),"") | M9: =IFERROR(SUMPRODUCT((평가!C10:P10<>"")*(평가!C17:P17<>"")*(평가!C10:P10=평가!C17:P17))/SUMPRODUCT((평가!C10:P10<>"")*(평가!C17:P17<>"")),"") | N9: =IFERROR(SUMPRODUCT((평가!C10:P10<>"")*(평가!C18:P18<>"")*(평가!C10:P10=평가!C18:P18))/SUMPRODUCT((평가!C10:P10<>"")*(평가!C18:P18<>"")),"") | O9: =IFERROR(SUMPRODUCT((평가!C10:P10<>"")*(평가!C19:P19<>"")*(평가!C10:P10=평가!C19:P19))/SUMPRODUCT((평가!C10:P10<>"")*(평가!C19:P19<>"")),"") | P9: =IFERROR(SUMPRODUCT((평가!C10:P10<>"")*(평가!C20:P20<>"")*(평가!C10:P10=평가!C20:P20))/SUMPRODUCT((평가!C10:P10<>"")*(평가!C20:P20<>"")),"") | Q9: =IFERROR(SUMPRODUCT((평가!C10:P10<>"")*(평가!C21:P21<>"")*(평가!C10:P10=평가!C21:P21))/SUMPRODUCT((평가!C10:P10<>"")*(평가!C21:P21<>"")),"") | R9: =IFERROR(SUMPRODUCT((평가!C10:P10<>"")*(평가!C22:P22<>"")*(평가!C10:P10=평가!C22:P22))/SUMPRODUCT((평가!C10:P10<>"")*(평가!C22:P22<>"")),"") | S9: =IFERROR(SUMPRODUCT((평가!C10:P10<>"")*(평가!C23:P23<>"")*(평가!C10:P10=평가!C23:P23))/SUMPRODUCT((평가!C10:P10<>"")*(평가!C23:P23<>"")),"") | T9: =IFERROR(SUMPRODUCT((평가!C10:P10<>"")*(평가!C24:P24<>"")*(평가!C10:P10=평가!C24:P24))/SUMPRODUCT((평가!C10:P10<>"")*(평가!C24:P24<>"")),"") | U9: =IFERROR(SUMPRODUCT((평가!C10:P10<>"")*(평가!C25:P25<>"")*(평가!C10:P10=평가!C25:P25))/SUMPRODUCT((평가!C10:P10<>"")*(평가!C25:P25<>"")),"") | V9: =IFERROR(SUMPRODUCT((평가!C10:P10<>"")*(평가!C26:P26<>"")*(평가!C10:P10=평가!C26:P26))/SUMPRODUCT((평가!C10:P10<>"")*(평가!C26:P26<>"")),"") | W9: =IFERROR(SUMPRODUCT((평가!C10:P10<>"")*(평가!C27:P27<>"")*(평가!C10:P10=평가!C27:P27))/SUMPRODUCT((평가!C10:P10<>"")*(평가!C27:P27<>"")),"") | X9: =IFERROR(SUMPRODUCT((평가!C10:P10<>"")*(평가!C28:P28<>"")*(평가!C10:P10=평가!C28:P28))/SUMPRODUCT((평가!C10:P10<>"")*(평가!C28:P28<>"")),"") | Y9: =IFERROR(SUMPRODUCT((평가!C10:P10<>"")*(평가!C29:P29<>"")*(평가!C10:P10=평가!C29:P29))/SUMPRODUCT((평가!C10:P10<>"")*(평가!C29:P29<>"")),"")
A10: 산업공학과 | B10: =IFERROR(SUMPRODUCT((평가!C11:P11<>"")*(평가!C6:P6<>"")*(평가!C11:P11=평가!C6:P6))/SUMPRODUCT((평가!C11:P11<>"")*(평가!C6:P6<>"")),"") | C10: =IFERROR(SUMPRODUCT((평가!C11:P11<>"")*(평가!C7:P7<>"")*(평가!C11:P11=평가!C7:P7))/SUMPRODUCT((평가!C11:P11<>"")*(평가!C7:P7<>"")),"") | D10: =IFERROR(SUMPRODUCT((평가!C11:P11<>"")*(평가!C8:P8<>"")*(평가!C11:P11=평가!C8:P8))/SUMPRODUCT((평가!C11:P11<>"")*(평가!C8:P8<>"")),"") | E10: =IFERROR(SUMPRODUCT((평가!C11:P11<>"")*(평가!C9:P9<>"")*(평가!C11:P11=평가!C9:P9))/SUMPRODUCT((평가!C11:P11<>"")*(평가!C9:P9<>"")),"") | F10: =IFERROR(SUMPRODUCT((평가!C11:P11<>"")*(평가!C10:P10<>"")*(평가!C11:P11=평가!C10:P10))/SUMPRODUCT((평가!C11:P11<>"")*(평가!C10:P10<>"")),"") | G10: ="-" | H10: =IFERROR(SUMPRODUCT((평가!C11:P11<>"")*(평가!C12:P12<>"")*(평가!C11:P11=평가!C12:P12))/SUMPRODUCT((평가!C11:P11<>"")*(평가!C12:P12<>"")),"") | I10: =IFERROR(SUMPRODUCT((평가!C11:P11<>"")*(평가!C13:P13<>"")*(평가!C11:P11=평가!C13:P13))/SUMPRODUCT((평가!C11:P11<>"")*(평가!C13:P13<>"")),"") | J10: =IFERROR(SUMPRODUCT((평가!C11:P11<>"")*(평가!C14:P14<>"")*(평가!C11:P11=평가!C14:P14))/SUMPRODUCT((평가!C11:P11<>"")*(평가!C14:P14<>"")),"") | K10: =IFERROR(SUMPRODUCT((평가!C11:P11<>"")*(평가!C15:P15<>"")*(평가!C11:P11=평가!C15:P15))/SUMPRODUCT((평가!C11:P11<>"")*(평가!C15:P15<>"")),"") | L10: =IFERROR(SUMPRODUCT((평가!C11:P11<>"")*(평가!C16:P16<>"")*(평가!C11:P11=평가!C16:P16))/SUMPRODUCT((평가!C11:P11<>"")*(평가!C16:P16<>"")),"") | M10: =IFERROR(SUMPRODUCT((평가!C11:P11<>"")*(평가!C17:P17<>"")*(평가!C11:P11=평가!C17:P17))/SUMPRODUCT((평가!C11:P11<>"")*(평가!C17:P17<>"")),"") | N10: =IFERROR(SUMPRODUCT((평가!C11:P11<>"")*(평가!C18:P18<>"")*(평가!C11:P11=평가!C18:P18))/SUMPRODUCT((평가!C11:P11<>"")*(평가!C18:P18<>"")),"") | O10: =IFERROR(SUMPRODUCT((평가!C11:P11<>"")*(평가!C19:P19<>"")*(평가!C11:P11=평가!C19:P19))/SUMPRODUCT((평가!C11:P11<>"")*(평가!C19:P19<>"")),"") | P10: =IFERROR(SUMPRODUCT((평가!C11:P11<>"")*(평가!C20:P20<>"")*(평가!C11:P11=평가!C20:P20))/SUMPRODUCT((평가!C11:P11<>"")*(평가!C20:P20<>"")),"") | Q10: =IFERROR(SUMPRODUCT((평가!C11:P11<>"")*(평가!C21:P21<>"")*(평가!C11:P11=평가!C21:P21))/SUMPRODUCT((평가!C11:P11<>"")*(평가!C21:P21<>"")),"") | R10: =IFERROR(SUMPRODUCT((평가!C11:P11<>"")*(평가!C22:P22<>"")*(평가!C11:P11=평가!C22:P22))/SUMPRODUCT((평가!C11:P11<>"")*(평가!C22:P22<>"")),"") | S10: =IFERROR(SUMPRODUCT((평가!C11:P11<>"")*(평가!C23:P23<>"")*(평가!C11:P11=평가!C23:P23))/SUMPRODUCT((평가!C11:P11<>"")*(평가!C23:P23<>"")),"") | T10: =IFERROR(SUMPRODUCT((평가!C11:P11<>"")*(평가!C24:P24<>"")*(평가!C11:P11=평가!C24:P24))/SUMPRODUCT((평가!C11:P11<>"")*(평가!C24:P24<>"")),"") | U10: =IFERROR(SUMPRODUCT((평가!C11:P11<>"")*(평가!C25:P25<>"")*(평가!C11:P11=평가!C25:P25))/SUMPRODUCT((평가!C11:P11<>"")*(평가!C25:P25<>"")),"") | V10: =IFERROR(SUMPRODUCT((평가!C11:P11<>"")*(평가!C26:P26<>"")*(평가!C11:P11=평가!C26:P26))/SUMPRODUCT((평가!C11:P11<>"")*(평가!C26:P26<>"")),"") | W10: =IFERROR(SUMPRODUCT((평가!C11:P11<>"")*(평가!C27:P27<>"")*(평가!C11:P11=평가!C27:P27))/SUMPRODUCT((평가!C11:P11<>"")*(평가!C27:P27<>"")),"") | X10: =IFERROR(SUMPRODUCT((평가!C11:P11<>"")*(평가!C28:P28<>"")*(평가!C11:P11=평가!C28:P28))/SUMPRODUCT((평가!C11:P11<>"")*(평가!C28:P28<>"")),"") | Y10: =IFERROR(SUMPRODUCT((평가!C11:P11<>"")*(평가!C29:P29<>"")*(평가!C11:P11=평가!C29:P29))/SUMPRODUCT((평가!C11:P11<>"")*(평가!C29:P29<>"")),"")
A11: 신소재공학과 | B11: =IFERROR(SUMPRODUCT((평가!C12:P12<>"")*(평가!C6:P6<>"")*(평가!C12:P12=평가!C6:P6))/SUMPRODUCT((평가!C12:P12<>"")*(평가!C6:P6<>"")),"") | C11: =IFERROR(SUMPRODUCT((평가!C12:P12<>"")*(평가!C7:P7<>"")*(평가!C12:P12=평가!C7:P7))/SUMPRODUCT((평가!C12:P12<>"")*(평가!C7:P7<>"")),"") | D11: =IFERROR(SUMPRODUCT((평가!C12:P12<>"")*(평가!C8:P8<>"")*(평가!C12:P12=평가!C8:P8))/SUMPRODUCT((평가!C12:P12<>"")*(평가!C8:P8<>"")),"") | E11: =IFERROR(SUMPRODUCT((평가!C12:P12<>"")*(평가!C9:P9<>"")*(평가!C12:P12=평가!C9:P9))/SUMPRODUCT((평가!C12:P12<>"")*(평가!C9:P9<>"")),"") | F11: =IFERROR(SUMPRODUCT((평가!C12:P12<>"")*(평가!C10:P10<>"")*(평가!C12:P12=평가!C10:P10))/SUMPRODUCT((평가!C12:P12<>"")*(평가!C10:P10<>"")),"") | G11: =IFERROR(SUMPRODUCT((평가!C12:P12<>"")*(평가!C11:P11<>"")*(평가!C12:P12=평가!C11:P11))/SUMPRODUCT((평가!C12:P12<>"")*(평가!C11:P11<>"")),"") | H11: ="-" | I11: =IFERROR(SUMPRODUCT((평가!C12:P12<>"")*(평가!C13:P13<>"")*(평가!C12:P12=평가!C13:P13))/SUMPRODUCT((평가!C12:P12<>"")*(평가!C13:P13<>"")),"") | J11: =IFERROR(SUMPRODUCT((평가!C12:P12<>"")*(평가!C14:P14<>"")*(평가!C12:P12=평가!C14:P14))/SUMPRODUCT((평가!C12:P12<>"")*(평가!C14:P14<>"")),"") | K11: =IFERROR(SUMPRODUCT((평가!C12:P12<>"")*(평가!C15:P15<>"")*(평가!C12:P12=평가!C15:P15))/SUMPRODUCT((평가!C12:P12<>"")*(평가!C15:P15<>"")),"") | L11: =IFERROR(SUMPRODUCT((평가!C12:P12<>"")*(평가!C16:P16<>"")*(평가!C12:P12=평가!C16:P16))/SUMPRODUCT((평가!C12:P12<>"")*(평가!C16:P16<>"")),"") | M11: =IFERROR(SUMPRODUCT((평가!C12:P12<>"")*(평가!C17:P17<>"")*(평가!C12:P12=평가!C17:P17))/SUMPRODUCT((평가!C12:P12<>"")*(평가!C17:P17<>"")),"") | N11: =IFERROR(SUMPRODUCT((평가!C12:P12<>"")*(평가!C18:P18<>"")*(평가!C12:P12=평가!C18:P18))/SUMPRODUCT((평가!C12:P12<>"")*(평가!C18:P18<>"")),"") | O11: =IFERROR(SUMPRODUCT((평가!C12:P12<>"")*(평가!C19:P19<>"")*(평가!C12:P12=평가!C19:P19))/SUMPRODUCT((평가!C12:P12<>"")*(평가!C19:P19<>"")),"") | P11: =IFERROR(SUMPRODUCT((평가!C12:P12<>"")*(평가!C20:P20<>"")*(평가!C12:P12=평가!C20:P20))/SUMPRODUCT((평가!C12:P12<>"")*(평가!C20:P20<>"")),"") | Q11: =IFERROR(SUMPRODUCT((평가!C12:P12<>"")*(평가!C21:P21<>"")*(평가!C12:P12=평가!C21:P21))/SUMPRODUCT((평가!C12:P12<>"")*(평가!C21:P21<>"")),"") | R11: =IFERROR(SUMPRODUCT((평가!C12:P12<>"")*(평가!C22:P22<>"")*(평가!C12:P12=평가!C22:P22))/SUMPRODUCT((평가!C12:P12<>"")*(평가!C22:P22<>"")),"") | S11: =IFERROR(SUMPRODUCT((평가!C12:P12<>"")*(평가!C23:P23<>"")*(평가!C12:P12=평가!C23:P23))/SUMPRODUCT((평가!C12:P12<>"")*(평가!C23:P23<>"")),"") | T11: =IFERROR(SUMPRODUCT((평가!C12:P12<>"")*(평가!C24:P24<>"")*(평가!C12:P12=평가!C24:P24))/SUMPRODUCT((평가!C12:P12<>"")*(평가!C24:P24<>"")),"") | U11: =IFERROR(SUMPRODUCT((평가!C12:P12<>"")*(평가!C25:P25<>"")*(평가!C12:P12=평가!C25:P25))/SUMPRODUCT((평가!C12:P12<>"")*(평가!C25:P25<>"")),"") | V11: =IFERROR(SUMPRODUCT((평가!C12:P12<>"")*(평가!C26:P26<>"")*(평가!C12:P12=평가!C26:P26))/SUMPRODUCT((평가!C12:P12<>"")*(평가!C26:P26<>"")),"") | W11: =IFERROR(SUMPRODUCT((평가!C12:P12<>"")*(평가!C27:P27<>"")*(평가!C12:P12=평가!C27:P27))/SUMPRODUCT((평가!C12:P12<>"")*(평가!C27:P27<>"")),"") | X11: =IFERROR(SUMPRODUCT((평가!C12:P12<>"")*(평가!C28:P28<>"")*(평가!C12:P12=평가!C28:P28))/SUMPRODUCT((평가!C12:P12<>"")*(평가!C28:P28<>"")),"") | Y11: =IFERROR(SUMPRODUCT((평가!C12:P12<>"")*(평가!C29:P29<>"")*(평가!C12:P12=평가!C29:P29))/SUMPRODUCT((평가!C12:P12<>"")*(평가!C29:P29<>"")),"")
A12: 조선해양공학과 | B12: =IFERROR(SUMPRODUCT((평가!C13:P13<>"")*(평가!C6:P6<>"")*(평가!C13:P13=평가!C6:P6))/SUMPRODUCT((평가!C13:P13<>"")*(평가!C6:P6<>"")),"") | C12: =IFERROR(SUMPRODUCT((평가!C13:P13<>"")*(평가!C7:P7<>"")*(평가!C13:P13=평가!C7:P7))/SUMPRODUCT((평가!C13:P13<>"")*(평가!C7:P7<>"")),"") | D12: =IFERROR(SUMPRODUCT((평가!C13:P13<>"")*(평가!C8:P8<>"")*(평가!C13:P13=평가!C8:P8))/SUMPRODUCT((평가!C13:P13<>"")*(평가!C8:P8<>"")),"") | E12: =IFERROR(SUMPRODUCT((평가!C13:P13<>"")*(평가!C9:P9<>"")*(평가!C13:P13=평가!C9:P9))/SUMPRODUCT((평가!C13:P13<>"")*(평가!C9:P9<>"")),"") | F12: =IFERROR(SUMPRODUCT((평가!C13:P13<>"")*(평가!C10:P10<>"")*(평가!C13:P13=평가!C10:P10))/SUMPRODUCT((평가!C13:P13<>"")*(평가!C10:P10<>"")),"") | G12: =IFERROR(SUMPRODUCT((평가!C13:P13<>"")*(평가!C11:P11<>"")*(평가!C13:P13=평가!C11:P11))/SUMPRODUCT((평가!C13:P13<>"")*(평가!C11:P11<>"")),"") | H12: =IFERROR(SUMPRODUCT((평가!C13:P13<>"")*(평가!C12:P12<>"")*(평가!C13:P13=평가!C12:P12))/SUMPRODUCT((평가!C13:P13<>"")*(평가!C12:P12<>"")),"") | I12: ="-" | J12: =IFERROR(SUMPRODUCT((평가!C13:P13<>"")*(평가!C14:P14<>"")*(평가!C13:P13=평가!C14:P14))/SUMPRODUCT((평가!C13:P13<>"")*(평가!C14:P14<>"")),"") | K12: =IFERROR(SUMPRODUCT((평가!C13:P13<>"")*(평가!C15:P15<>"")*(평가!C13:P13=평가!C15:P15))/SUMPRODUCT((평가!C13:P13<>"")*(평가!C15:P15<>"")),"") | L12: =IFERROR(SUMPRODUCT((평가!C13:P13<>"")*(평가!C16:P16<>"")*(평가!C13:P13=평가!C16:P16))/SUMPRODUCT((평가!C13:P13<>"")*(평가!C16:P16<>"")),"") | M12: =IFERROR(SUMPRODUCT((평가!C13:P13<>"")*(평가!C17:P17<>"")*(평가!C13:P13=평가!C17:P17))/SUMPRODUCT((평가!C13:P13<>"")*(평가!C17:P17<>"")),"") | N12: =IFERROR(SUMPRODUCT((평가!C13:P13<>"")*(평가!C18:P18<>"")*(평가!C13:P13=평가!C18:P18))/SUMPRODUCT((평가!C13:P13<>"")*(평가!C18:P18<>"")),"") | O12: =IFERROR(SUMPRODUCT((평가!C13:P13<>"")*(평가!C19:P19<>"")*(평가!C13:P13=평가!C19:P19))/SUMPRODUCT((평가!C13:P13<>"")*(평가!C19:P19<>"")),"") | P12: =IFERROR(SUMPRODUCT((평가!C13:P13<>"")*(평가!C20:P20<>"")*(평가!C13:P13=평가!C20:P20))/SUMPRODUCT((평가!C13:P13<>"")*(평가!C20:P20<>"")),"") | Q12: =IFERROR(SUMPRODUCT((평가!C13:P13<>"")*(평가!C21:P21<>"")*(평가!C13:P13=평가!C21:P21))/SUMPRODUCT((평가!C13:P13<>"")*(평가!C21:P21<>"")),"") | R12: =IFERROR(SUMPRODUCT((평가!C13:P13<>"")*(평가!C22:P22<>"")*(평가!C13:P13=평가!C22:P22))/SUMPRODUCT((평가!C13:P13<>"")*(평가!C22:P22<>"")),"") | S12: =IFERROR(SUMPRODUCT((평가!C13:P13<>"")*(평가!C23:P23<>"")*(평가!C13:P13=평가!C23:P23))/SUMPRODUCT((평가!C13:P13<>"")*(평가!C23:P23<>"")),"") | T12: =IFERROR(SUMPRODUCT((평가!C13:P13<>"")*(평가!C24:P24<>"")*(평가!C13:P13=평가!C24:P24))/SUMPRODUCT((평가!C13:P13<>"")*(평가!C24:P24<>"")),"") | U12: =IFERROR(SUMPRODUCT((평가!C13:P13<>"")*(평가!C25:P25<>"")*(평가!C13:P13=평가!C25:P25))/SUMPRODUCT((평가!C13:P13<>"")*(평가!C25:P25<>"")),"") | V12: =IFERROR(SUMPRODUCT((평가!C13:P13<>"")*(평가!C26:P26<>"")*(평가!C13:P13=평가!C26:P26))/SUMPRODUCT((평가!C13:P13<>"")*(평가!C26:P26<>"")),"") | W12: =IFERROR(SUMPRODUCT((평가!C13:P13<>"")*(평가!C27:P27<>"")*(평가!C13:P13=평가!C27:P27))/SUMPRODUCT((평가!C13:P13<>"")*(평가!C27:P27<>"")),"") | X12: =IFERROR(SUMPRODUCT((평가!C13:P13<>"")*(평가!C28:P28<>"")*(평가!C13:P13=평가!C28:P28))/SUMPRODUCT((평가!C13:P13<>"")*(평가!C28:P28<>"")),"") | Y12: =IFERROR(SUMPRODUCT((평가!C13:P13<>"")*(평가!C29:P29<>"")*(평가!C13:P13=평가!C29:P29))/SUMPRODUCT((평가!C13:P13<>"")*(평가!C29:P29<>"")),"")
A13: 의예과 | B13: =IFERROR(SUMPRODUCT((평가!C14:P14<>"")*(평가!C6:P6<>"")*(평가!C14:P14=평가!C6:P6))/SUMPRODUCT((평가!C14:P14<>"")*(평가!C6:P6<>"")),"") | C13: =IFERROR(SUMPRODUCT((평가!C14:P14<>"")*(평가!C7:P7<>"")*(평가!C14:P14=평가!C7:P7))/SUMPRODUCT((평가!C14:P14<>"")*(평가!C7:P7<>"")),"") | D13: =IFERROR(SUMPRODUCT((평가!C14:P14<>"")*(평가!C8:P8<>"")*(평가!C14:P14=평가!C8:P8))/SUMPRODUCT((평가!C14:P14<>"")*(평가!C8:P8<>"")),"") | E13: =IFERROR(SUMPRODUCT((평가!C14:P14<>"")*(평가!C9:P9<>"")*(평가!C14:P14=평가!C9:P9))/SUMPRODUCT((평가!C14:P14<>"")*(평가!C9:P9<>"")),"") | F13: =IFERROR(SUMPRODUCT((평가!C14:P14<>"")*(평가!C10:P10<>"")*(평가!C14:P14=평가!C10:P10))/SUMPRODUCT((평가!C14:P14<>"")*(평가!C10:P10<>"")),"") | G13: =IFERROR(SUMPRODUCT((평가!C14:P14<>"")*(평가!C11:P11<>"")*(평가!C14:P14=평가!C11:P11))/SUMPRODUCT((평가!C14:P14<>"")*(평가!C11:P11<>"")),"") | H13: =IFERROR(SUMPRODUCT((평가!C14:P14<>"")*(평가!C12:P12<>"")*(평가!C14:P14=평가!C12:P12))/SUMPRODUCT((평가!C14:P14<>"")*(평가!C12:P12<>"")),"") | I13: =IFERROR(SUMPRODUCT((평가!C14:P14<>"")*(평가!C13:P13<>"")*(평가!C14:P14=평가!C13:P13))/SUMPRODUCT((평가!C14:P14<>"")*(평가!C13:P13<>"")),"") | J13: ="-" | K13: =IFERROR(SUMPRODUCT((평가!C14:P14<>"")*(평가!C15:P15<>"")*(평가!C14:P14=평가!C15:P15))/SUMPRODUCT((평가!C14:P14<>"")*(평가!C15:P15<>"")),"") | L13: =IFERROR(SUMPRODUCT((평가!C14:P14<>"")*(평가!C16:P16<>"")*(평가!C14:P14=평가!C16:P16))/SUMPRODUCT((평가!C14:P14<>"")*(평가!C16:P16<>"")),"") | M13: =IFERROR(SUMPRODUCT((평가!C14:P14<>"")*(평가!C17:P17<>"")*(평가!C14:P14=평가!C17:P17))/SUMPRODUCT((평가!C14:P14<>"")*(평가!C17:P17<>"")),"") | N13: =IFERROR(SUMPRODUCT((평가!C14:P14<>"")*(평가!C18:P18<>"")*(평가!C14:P14=평가!C18:P18))/SUMPRODUCT((평가!C14:P14<>"")*(평가!C18:P18<>"")),"") | O13: =IFERROR(SUMPRODUCT((평가!C14:P14<>"")*(평가!C19:P19<>"")*(평가!C14:P14=평가!C19:P19))/SUMPRODUCT((평가!C14:P14<>"")*(평가!C19:P19<>"")),"") | P13: =IFERROR(SUMPRODUCT((평가!C14:P14<>"")*(평가!C20:P20<>"")*(평가!C14:P14=평가!C20:P20))/SUMPRODUCT((평가!C14:P14<>"")*(평가!C20:P20<>"")),"") | Q13: =IFERROR(SUMPRODUCT((평가!C14:P14<>"")*(평가!C21:P21<>"")*(평가!C14:P14=평가!C21:P21))/SUMPRODUCT((평가!C14:P14<>"")*(평가!C21:P21<>"")),"") | R13: =IFERROR(SUMPRODUCT((평가!C14:P14<>"")*(평가!C22:P22<>"")*(평가!C14:P14=평가!C22:P22))/SUMPRODUCT((평가!C14:P14<>"")*(평가!C22:P22<>"")),"") | S13: =IFERROR(SUMPRODUCT((평가!C14:P14<>"")*(평가!C23:P23<>"")*(평가!C14:P14=평가!C23:P23))/SUMPRODUCT((평가!C14:P14<>"")*(평가!C23:P23<>"")),"") | T13: =IFERROR(SUMPRODUCT((평가!C14:P14<>"")*(평가!C24:P24<>"")*(평가!C14:P14=평가!C24:P24))/SUMPRODUCT((평가!C14:P14<>"")*(평가!C24:P24<>"")),"") | U13: =IFERROR(SUMPRODUCT((평가!C14:P14<>"")*(평가!C25:P25<>"")*(평가!C14:P14=평가!C25:P25))/SUMPRODUCT((평가!C14:P14<>"")*(평가!C25:P25<>"")),"") | V13: =IFERROR(SUMPRODUCT((평가!C14:P14<>"")*(평가!C26:P26<>"")*(평가!C14:P14=평가!C26:P26))/SUMPRODUCT((평가!C14:P14<>"")*(평가!C26:P26<>"")),"") | W13: =IFERROR(SUMPRODUCT((평가!C14:P14<>"")*(평가!C27:P27<>"")*(평가!C14:P14=평가!C27:P27))/SUMPRODUCT((평가!C14:P14<>"")*(평가!C27:P27<>"")),"") | X13: =IFERROR(SUMPRODUCT((평가!C14:P14<>"")*(평가!C28:P28<>"")*(평가!C14:P14=평가!C28:P28))/SUMPRODUCT((평가!C14:P14<>"")*(평가!C28:P28<>"")),"") | Y13: =IFERROR(SUMPRODUCT((평가!C14:P14<>"")*(평가!C29:P29<>"")*(평가!C14:P14=평가!C29:P29))/SUMPRODUCT((평가!C14:P14<>"")*(평가!C29:P29<>"")),"")
A14: 수학과 | B14: =IFERROR(SUMPRODUCT((평가!C15:P15<>"")*(평가!C6:P6<>"")*(평가!C15:P15=평가!C6:P6))/SUMPRODUCT((평가!C15:P15<>"")*(평가!C6:P6<>"")),"") | C14: =IFERROR(SUMPRODUCT((평가!C15:P15<>"")*(평가!C7:P7<>"")*(평가!C15:P15=평가!C7:P7))/SUMPRODUCT((평가!C15:P15<>"")*(평가!C7:P7<>"")),"") | D14: =IFERROR(SUMPRODUCT((평가!C15:P15<>"")*(평가!C8:P8<>"")*(평가!C15:P15=평가!C8:P8))/SUMPRODUCT((평가!C15:P15<>"")*(평가!C8:P8<>"")),"") | E14: =IFERROR(SUMPRODUCT((평가!C15:P15<>"")*(평가!C9:P9<>"")*(평가!C15:P15=평가!C9:P9))/SUMPRODUCT((평가!C15:P15<>"")*(평가!C9:P9<>"")),"") | F14: =IFERROR(SUMPRODUCT((평가!C15:P15<>"")*(평가!C10:P10<>"")*(평가!C15:P15=평가!C10:P10))/SUMPRODUCT((평가!C15:P15<>"")*(평가!C10:P10<>"")),"") | G14: =IFERROR(SUMPRODUCT((평가!C15:P15<>"")*(평가!C11:P11<>"")*(평가!C15:P15=평가!C11:P11))/SUMPRODUCT((평가!C15:P15<>"")*(평가!C11:P11<>"")),"") | H14: =IFERROR(SUMPRODUCT((평가!C15:P15<>"")*(평가!C12:P12<>"")*(평가!C15:P15=평가!C12:P12))/SUMPRODUCT((평가!C15:P15<>"")*(평가!C12:P12<>"")),"") | I14: =IFERROR(SUMPRODUCT((평가!C15:P15<>"")*(평가!C13:P13<>"")*(평가!C15:P15=평가!C13:P13))/SUMPRODUCT((평가!C15:P15<>"")*(평가!C13:P13<>"")),"") | J14: =IFERROR(SUMPRODUCT((평가!C15:P15<>"")*(평가!C14:P14<>"")*(평가!C15:P15=평가!C14:P14))/SUMPRODUCT((평가!C15:P15<>"")*(평가!C14:P14<>"")),"") | K14: ="-" | L14: =IFERROR(SUMPRODUCT((평가!C15:P15<>"")*(평가!C16:P16<>"")*(평가!C15:P15=평가!C16:P16))/SUMPRODUCT((평가!C15:P15<>"")*(평가!C16:P16<>"")),"") | M14: =IFERROR(SUMPRODUCT((평가!C15:P15<>"")*(평가!C17:P17<>"")*(평가!C15:P15=평가!C17:P17))/SUMPRODUCT((평가!C15:P15<>"")*(평가!C17:P17<>"")),"") | N14: =IFERROR(SUMPRODUCT((평가!C15:P15<>"")*(평가!C18:P18<>"")*(평가!C15:P15=평가!C18:P18))/SUMPRODUCT((평가!C15:P15<>"")*(평가!C18:P18<>"")),"") | O14: =IFERROR(SUMPRODUCT((평가!C15:P15<>"")*(평가!C19:P19<>"")*(평가!C15:P15=평가!C19:P19))/SUMPRODUCT((평가!C15:P15<>"")*(평가!C19:P19<>"")),"") | P14: =IFERROR(SUMPRODUCT((평가!C15:P15<>"")*(평가!C20:P20<>"")*(평가!C15:P15=평가!C20:P20))/SUMPRODUCT((평가!C15:P15<>"")*(평가!C20:P20<>"")),"") | Q14: =IFERROR(SUMPRODUCT((평가!C15:P15<>"")*(평가!C21:P21<>"")*(평가!C15:P15=평가!C21:P21))/SUMPRODUCT((평가!C15:P15<>"")*(평가!C21:P21<>"")),"") | R14: =IFERROR(SUMPRODUCT((평가!C15:P15<>"")*(평가!C22:P22<>"")*(평가!C15:P15=평가!C22:P22))/SUMPRODUCT((평가!C15:P15<>"")*(평가!C22:P22<>"")),"") | S14: =IFERROR(SUMPRODUCT((평가!C15:P15<>"")*(평가!C23:P23<>"")*(평가!C15:P15=평가!C23:P23))/SUMPRODUCT((평가!C15:P15<>"")*(평가!C23:P23<>"")),"") | T14: =IFERROR(SUMPRODUCT((평가!C15:P15<>"")*(평가!C24:P24<>"")*(평가!C15:P15=평가!C24:P24))/SUMPRODUCT((평가!C15:P15<>"")*(평가!C24:P24<>"")),"") | U14: =IFERROR(SUMPRODUCT((평가!C15:P15<>"")*(평가!C25:P25<>"")*(평가!C15:P15=평가!C25:P25))/SUMPRODUCT((평가!C15:P15<>"")*(평가!C25:P25<>"")),"") | V14: =IFERROR(SUMPRODUCT((평가!C15:P15<>"")*(평가!C26:P26<>"")*(평가!C15:P15=평가!C26:P26))/SUMPRODUCT((평가!C15:P15<>"")*(평가!C26:P26<>"")),"") | W14: =IFERROR(SUMPRODUCT((평가!C15:P15<>"")*(평가!C27:P27<>"")*(평가!C15:P15=평가!C27:P27))/SUMPRODUCT((평가!C15:P15<>"")*(평가!C27:P27<>"")),"") | X14: =IFERROR(SUMPRODUCT((평가!C15:P15<>"")*(평가!C28:P28<>"")*(평가!C15:P15=평가!C28:P28))/SUMPRODUCT((평가!C15:P15<>"")*(평가!C28:P28<>"")),"") | Y14: =IFERROR(SUMPRODUCT((평가!C15:P15<>"")*(평가!C29:P29<>"")*(평가!C15:P15=평가!C29:P29))/SUMPRODUCT((평가!C15:P15<>"")*(평가!C29:P29<>"")),"")
A15: 경영학과 | B15: =IFERROR(SUMPRODUCT((평가!C16:P16<>"")*(평가!C6:P6<>"")*(평가!C16:P16=평가!C6:P6))/SUMPRODUCT((평가!C16:P16<>"")*(평가!C6:P6<>"")),"") | C15: =IFERROR(SUMPRODUCT((평가!C16:P16<>"")*(평가!C7:P7<>"")*(평가!C16:P16=평가!C7:P7))/SUMPRODUCT((평가!C16:P16<>"")*(평가!C7:P7<>"")),"") | D15: =IFERROR(SUMPRODUCT((평가!C16:P16<>"")*(평가!C8:P8<>"")*(평가!C16:P16=평가!C8:P8))/SUMPRODUCT((평가!C16:P16<>"")*(평가!C8:P8<>"")),"") | E15: =IFERROR(SUMPRODUCT((평가!C16:P16<>"")*(평가!C9:P9<>"")*(평가!C16:P16=평가!C9:P9))/SUMPRODUCT((평가!C16:P16<>"")*(평가!C9:P9<>"")),"") | F15: =IFERROR(SUMPRODUCT((평가!C16:P16<>"")*(평가!C10:P10<>"")*(평가!C16:P16=평가!C10:P10))/SUMPRODUCT((평가!C16:P16<>"")*(평가!C10:P10<>"")),"") | G15: =IFERROR(SUMPRODUCT((평가!C16:P16<>"")*(평가!C11:P11<>"")*(평가!C16:P16=평가!C11:P11))/SUMPRODUCT((평가!C16:P16<>"")*(평가!C11:P11<>"")),"") | H15: =IFERROR(SUMPRODUCT((평가!C16:P16<>"")*(평가!C12:P12<>"")*(평가!C16:P16=평가!C12:P12))/SUMPRODUCT((평가!C16:P16<>"")*(평가!C12:P12<>"")),"") | I15: =IFERROR(SUMPRODUCT((평가!C16:P16<>"")*(평가!C13:P13<>"")*(평가!C16:P16=평가!C13:P13))/SUMPRODUCT((평가!C16:P16<>"")*(평가!C13:P13<>"")),"") | J15: =IFERROR(SUMPRODUCT((평가!C16:P16<>"")*(평가!C14:P14<>"")*(평가!C16:P16=평가!C14:P14))/SUMPRODUCT((평가!C16:P16<>"")*(평가!C14:P14<>"")),"") | K15: =IFERROR(SUMPRODUCT((평가!C16:P16<>"")*(평가!C15:P15<>"")*(평가!C16:P16=평가!C15:P15))/SUMPRODUCT((평가!C16:P16<>"")*(평가!C15:P15<>"")),"") | L15: ="-" | M15: =IFERROR(SUMPRODUCT((평가!C16:P16<>"")*(평가!C17:P17<>"")*(평가!C16:P16=평가!C17:P17))/SUMPRODUCT((평가!C16:P16<>"")*(평가!C17:P17<>"")),"") | N15: =IFERROR(SUMPRODUCT((평가!C16:P16<>"")*(평가!C18:P18<>"")*(평가!C16:P16=평가!C18:P18))/SUMPRODUCT((평가!C16:P16<>"")*(평가!C18:P18<>"")),"") | O15: =IFERROR(SUMPRODUCT((평가!C16:P16<>"")*(평가!C19:P19<>"")*(평가!C16:P16=평가!C19:P19))/SUMPRODUCT((평가!C16:P16<>"")*(평가!C19:P19<>"")),"") | P15: =IFERROR(SUMPRODUCT((평가!C16:P16<>"")*(평가!C20:P20<>"")*(평가!C16:P16=평가!C20:P20))/SUMPRODUCT((평가!C16:P16<>"")*(평가!C20:P20<>"")),"") | Q15: =IFERROR(SUMPRODUCT((평가!C16:P16<>"")*(평가!C21:P21<>"")*(평가!C16:P16=평가!C21:P21))/SUMPRODUCT((평가!C16:P16<>"")*(평가!C21:P21<>"")),"") | R15: =IFERROR(SUMPRODUCT((평가!C16:P16<>"")*(평가!C22:P22<>"")*(평가!C16:P16=평가!C22:P22))/SUMPRODUCT((평가!C16:P16<>"")*(평가!C22:P22<>"")),"") | S15: =IFERROR(SUMPRODUCT((평가!C16:P16<>"")*(평가!C23:P23<>"")*(평가!C16:P16=평가!C23:P23))/SUMPRODUCT((평가!C16:P16<>"")*(평가!C23:P23<>"")),"") | T15: =IFERROR(SUMPRODUCT((평가!C16:P16<>"")*(평가!C24:P24<>"")*(평가!C16:P16=평가!C24:P24))/SUMPRODUCT((평가!C16:P16<>"")*(평가!C24:P24<>"")),"") | U15: =IFERROR(SUMPRODUCT((평가!C16:P16<>"")*(평가!C25:P25<>"")*(평가!C16:P16=평가!C25:P25))/SUMPRODUCT((평가!C16:P16<>"")*(평가!C25:P25<>"")),"") | V15: =IFERROR(SUMPRODUCT((평가!C16:P16<>"")*(평가!C26:P26<>"")*(평가!C16:P16=평가!C26:P26))/SUMPRODUCT((평가!C16:P16<>"")*(평가!C26:P26<>"")),"") | W15: =IFERROR(SUMPRODUCT((평가!C16:P16<>"")*(평가!C27:P27<>"")*(평가!C16:P16=평가!C27:P27))/SUMPRODUCT((평가!C16:P16<>"")*(평가!C27:P27<>"")),"") | X15: =IFERROR(SUMPRODUCT((평가!C16:P16<>"")*(평가!C28:P28<>"")*(평가!C16:P16=평가!C28:P28))/SUMPRODUCT((평가!C16:P16<>"")*(평가!C28:P28<>"")),"") | Y15: =IFERROR(SUMPRODUCT((평가!C16:P16<>"")*(평가!C29:P29<>"")*(평가!C16:P16=평가!C29:P29))/SUMPRODUCT((평가!C16:P16<>"")*(평가!C29:P29<>"")),"")
A16: 약학과 | B16: =IFERROR(SUMPRODUCT((평가!C17:P17<>"")*(평가!C6:P6<>"")*(평가!C17:P17=평가!C6:P6))/SUMPRODUCT((평가!C17:P17<>"")*(평가!C6:P6<>"")),"") | C16: =IFERROR(SUMPRODUCT((평가!C17:P17<>"")*(평가!C7:P7<>"")*(평가!C17:P17=평가!C7:P7))/SUMPRODUCT((평가!C17:P17<>"")*(평가!C7:P7<>"")),"") | D16: =IFERROR(SUMPRODUCT((평가!C17:P17<>"")*(평가!C8:P8<>"")*(평가!C17:P17=평가!C8:P8))/SUMPRODUCT((평가!C17:P17<>"")*(평가!C8:P8<>"")),"") | E16: =IFERROR(SUMPRODUCT((평가!C17:P17<>"")*(평가!C9:P9<>"")*(평가!C17:P17=평가!C9:P9))/SUMPRODUCT((평가!C17:P17<>"")*(평가!C9:P9<>"")),"") | F16: =IFERROR(SUMPRODUCT((평가!C17:P17<>"")*(평가!C10:P10<>"")*(평가!C17:P17=평가!C10:P10))/SUMPRODUCT((평가!C17:P17<>"")*(평가!C10:P10<>"")),"") | G16: =IFERROR(SUMPRODUCT((평가!C17:P17<>"")*(평가!C11:P11<>"")*(평가!C17:P17=평가!C11:P11))/SUMPRODUCT((평가!C17:P17<>"")*(평가!C11:P11<>"")),"") | H16: =IFERROR(SUMPRODUCT((평가!C17:P17<>"")*(평가!C12:P12<>"")*(평가!C17:P17=평가!C12:P12))/SUMPRODUCT((평가!C17:P17<>"")*(평가!C12:P12<>"")),"") | I16: =IFERROR(SUMPRODUCT((평가!C17:P17<>"")*(평가!C13:P13<>"")*(평가!C17:P17=평가!C13:P13))/SUMPRODUCT((평가!C17:P17<>"")*(평가!C13:P13<>"")),"") | J16: =IFERROR(SUMPRODUCT((평가!C17:P17<>"")*(평가!C14:P14<>"")*(평가!C17:P17=평가!C14:P14))/SUMPRODUCT((평가!C17:P17<>"")*(평가!C14:P14<>"")),"") | K16: =IFERROR(SUMPRODUCT((평가!C17:P17<>"")*(평가!C15:P15<>"")*(평가!C17:P17=평가!C15:P15))/SUMPRODUCT((평가!C17:P17<>"")*(평가!C15:P15<>"")),"") | L16: =IFERROR(SUMPRODUCT((평가!C17:P17<>"")*(평가!C16:P16<>"")*(평가!C17:P17=평가!C16:P16))/SUMPRODUCT((평가!C17:P17<>"")*(평가!C16:P16<>"")),"") | M16: ="-" | N16: =IFERROR(SUMPRODUCT((평가!C17:P17<>"")*(평가!C18:P18<>"")*(평가!C17:P17=평가!C18:P18))/SUMPRODUCT((평가!C17:P17<>"")*(평가!C18:P18<>"")),"") | O16: =IFERROR(SUMPRODUCT((평가!C17:P17<>"")*(평가!C19:P19<>"")*(평가!C17:P17=평가!C19:P19))/SUMPRODUCT((평가!C17:P17<>"")*(평가!C19:P19<>"")),"") | P16: =IFERROR(SUMPRODUCT((평가!C17:P17<>"")*(평가!C20:P20<>"")*(평가!C17:P17=평가!C20:P20))/SUMPRODUCT((평가!C17:P17<>"")*(평가!C20:P20<>"")),"") | Q16: =IFERROR(SUMPRODUCT((평가!C17:P17<>"")*(평가!C21:P21<>"")*(평가!C17:P17=평가!C21:P21))/SUMPRODUCT((평가!C17:P17<>"")*(평가!C21:P21<>"")),"") | R16: =IFERROR(SUMPRODUCT((평가!C17:P17<>"")*(평가!C22:P22<>"")*(평가!C17:P17=평가!C22:P22))/SUMPRODUCT((평가!C17:P17<>"")*(평가!C22:P22<>"")),"") | S16: =IFERROR(SUMPRODUCT((평가!C17:P17<>"")*(평가!C23:P23<>"")*(평가!C17:P17=평가!C23:P23))/SUMPRODUCT((평가!C17:P17<>"")*(평가!C23:P23<>"")),"") | T16: =IFERROR(SUMPRODUCT((평가!C17:P17<>"")*(평가!C24:P24<>"")*(평가!C17:P17=평가!C24:P24))/SUMPRODUCT((평가!C17:P17<>"")*(평가!C24:P24<>"")),"") | U16: =IFERROR(SUMPRODUCT((평가!C17:P17<>"")*(평가!C25:P25<>"")*(평가!C17:P17=평가!C25:P25))/SUMPRODUCT((평가!C17:P17<>"")*(평가!C25:P25<>"")),"") | V16: =IFERROR(SUMPRODUCT((평가!C17:P17<>"")*(평가!C26:P26<>"")*(평가!C17:P17=평가!C26:P26))/SUMPRODUCT((평가!C17:P17<>"")*(평가!C26:P26<>"")),"") | W16: =IFERROR(SUMPRODUCT((평가!C17:P17<>"")*(평가!C27:P27<>"")*(평가!C17:P17=평가!C27:P27))/SUMPRODUCT((평가!C17:P17<>"")*(평가!C27:P27<>"")),"") | X16: =IFERROR(SUMPRODUCT((평가!C17:P17<>"")*(평가!C28:P28<>"")*(평가!C17:P17=평가!C28:P28))/SUMPRODUCT((평가!C17:P17<>"")*(평가!C28:P28<>"")),"") | Y16: =IFERROR(SUMPRODUCT((평가!C17:P17<>"")*(평가!C29:P29<>"")*(평가!C17:P17=평가!C29:P29))/SUMPRODUCT((평가!C17:P17<>"")*(평가!C29:P29<>"")),"")
A17: 사회학과 | B17: =IFERROR(SUMPRODUCT((평가!C18:P18<>"")*(평가!C6:P6<>"")*(평가!C18:P18=평가!C6:P6))/SUMPRODUCT((평가!C18:P18<>"")*(평가!C6:P6<>"")),"") | C17: =IFERROR(SUMPRODUCT((평가!C18:P18<>"")*(평가!C7:P7<>"")*(평가!C18:P18=평가!C7:P7))/SUMPRODUCT((평가!C18:P18<>"")*(평가!C7:P7<>"")),"") | D17: =IFERROR(SUMPRODUCT((평가!C18:P18<>"")*(평가!C8:P8<>"")*(평가!C18:P18=평가!C8:P8))/SUMPRODUCT((평가!C18:P18<>"")*(평가!C8:P8<>"")),"") | E17: =IFERROR(SUMPRODUCT((평가!C18:P18<>"")*(평가!C9:P9<>"")*(평가!C18:P18=평가!C9:P9))/SUMPRODUCT((평가!C18:P18<>"")*(평가!C9:P9<>"")),"") | F17: =IFERROR(SUMPRODUCT((평가!C18:P18<>"")*(평가!C10:P10<>"")*(평가!C18:P18=평가!C10:P10))/SUMPRODUCT((평가!C18:P18<>"")*(평가!C10:P10<>"")),"") | G17: =IFERROR(SUMPRODUCT((평가!C18:P18<>"")*(평가!C11:P11<>"")*(평가!C18:P18=평가!C11:P11))/SUMPRODUCT((평가!C18:P18<>"")*(평가!C11:P11<>"")),"") | H17: =IFERROR(SUMPRODUCT((평가!C18:P18<>"")*(평가!C12:P12<>"")*(평가!C18:P18=평가!C12:P12))/SUMPRODUCT((평가!C18:P18<>"")*(평가!C12:P12<>"")),"") | I17: =IFERROR(SUMPRODUCT((평가!C18:P18<>"")*(평가!C13:P13<>"")*(평가!C18:P18=평가!C13:P13))/SUMPRODUCT((평가!C18:P18<>"")*(평가!C13:P13<>"")),"") | J17: =IFERROR(SUMPRODUCT((평가!C18:P18<>"")*(평가!C14:P14<>"")*(평가!C18:P18=평가!C14:P14))/SUMPRODUCT((평가!C18:P18<>"")*(평가!C14:P14<>"")),"") | K17: =IFERROR(SUMPRODUCT((평가!C18:P18<>"")*(평가!C15:P15<>"")*(평가!C18:P18=평가!C15:P15))/SUMPRODUCT((평가!C18:P18<>"")*(평가!C15:P15<>"")),"") | L17: =IFERROR(SUMPRODUCT((평가!C18:P18<>"")*(평가!C16:P16<>"")*(평가!C18:P18=평가!C16:P16))/SUMPRODUCT((평가!C18:P18<>"")*(평가!C16:P16<>"")),"") | M17: =IFERROR(SUMPRODUCT((평가!C18:P18<>"")*(평가!C17:P17<>"")*(평가!C18:P18=평가!C17:P17))/SUMPRODUCT((평가!C18:P18<>"")*(평가!C17:P17<>"")),"") | N17: ="-" | O17: =IFERROR(SUMPRODUCT((평가!C18:P18<>"")*(평가!C19:P19<>"")*(평가!C18:P18=평가!C19:P19))/SUMPRODUCT((평가!C18:P18<>"")*(평가!C19:P19<>"")),"") | P17: =IFERROR(SUMPRODUCT((평가!C18:P18<>"")*(평가!C20:P20<>"")*(평가!C18:P18=평가!C20:P20))/SUMPRODUCT((평가!C18:P18<>"")*(평가!C20:P20<>"")),"") | Q17: =IFERROR(SUMPRODUCT((평가!C18:P18<>"")*(평가!C21:P21<>"")*(평가!C18:P18=평가!C21:P21))/SUMPRODUCT((평가!C18:P18<>"")*(평가!C21:P21<>"")),"") | R17: =IFERROR(SUMPRODUCT((평가!C18:P18<>"")*(평가!C22:P22<>"")*(평가!C18:P18=평가!C22:P22))/SUMPRODUCT((평가!C18:P18<>"")*(평가!C22:P22<>"")),"") | S17: =IFERROR(SUMPRODUCT((평가!C18:P18<>"")*(평가!C23:P23<>"")*(평가!C18:P18=평가!C23:P23))/SUMPRODUCT((평가!C18:P18<>"")*(평가!C23:P23<>"")),"") | T17: =IFERROR(SUMPRODUCT((평가!C18:P18<>"")*(평가!C24:P24<>"")*(평가!C18:P18=평가!C24:P24))/SUMPRODUCT((평가!C18:P18<>"")*(평가!C24:P24<>"")),"") | U17: =IFERROR(SUMPRODUCT((평가!C18:P18<>"")*(평가!C25:P25<>"")*(평가!C18:P18=평가!C25:P25))/SUMPRODUCT((평가!C18:P18<>"")*(평가!C25:P25<>"")),"") | V17: =IFERROR(SUMPRODUCT((평가!C18:P18<>"")*(평가!C26:P26<>"")*(평가!C18:P18=평가!C26:P26))/SUMPRODUCT((평가!C18:P18<>"")*(평가!C26:P26<>"")),"") | W17: =IFERROR(SUMPRODUCT((평가!C18:P18<>"")*(평가!C27:P27<>"")*(평가!C18:P18=평가!C27:P27))/SUMPRODUCT((평가!C18:P18<>"")*(평가!C27:P27<>"")),"") | X17: =IFERROR(SUMPRODUCT((평가!C18:P18<>"")*(평가!C28:P28<>"")*(평가!C18:P18=평가!C28:P28))/SUMPRODUCT((평가!C18:P18<>"")*(평가!C28:P28<>"")),"") | Y17: =IFERROR(SUMPRODUCT((평가!C18:P18<>"")*(평가!C29:P29<>"")*(평가!C18:P18=평가!C29:P29))/SUMPRODUCT((평가!C18:P18<>"")*(평가!C29:P29<>"")),"")
A18: 경제학과 | B18: =IFERROR(SUMPRODUCT((평가!C19:P19<>"")*(평가!C6:P6<>"")*(평가!C19:P19=평가!C6:P6))/SUMPRODUCT((평가!C19:P19<>"")*(평가!C6:P6<>"")),"") | C18: =IFERROR(SUMPRODUCT((평가!C19:P19<>"")*(평가!C7:P7<>"")*(평가!C19:P19=평가!C7:P7))/SUMPRODUCT((평가!C19:P19<>"")*(평가!C7:P7<>"")),"") | D18: =IFERROR(SUMPRODUCT((평가!C19:P19<>"")*(평가!C8:P8<>"")*(평가!C19:P19=평가!C8:P8))/SUMPRODUCT((평가!C19:P19<>"")*(평가!C8:P8<>"")),"") | E18: =IFERROR(SUMPRODUCT((평가!C19:P19<>"")*(평가!C9:P9<>"")*(평가!C19:P19=평가!C9:P9))/SUMPRODUCT((평가!C19:P19<>"")*(평가!C9:P9<>"")),"") | F18: =IFERROR(SUMPRODUCT((평가!C19:P19<>"")*(평가!C10:P10<>"")*(평가!C19:P19=평가!C10:P10))/SUMPRODUCT((평가!C19:P19<>"")*(평가!C10:P10<>"")),"") | G18: =IFERROR(SUMPRODUCT((평가!C19:P19<>"")*(평가!C11:P11<>"")*(평가!C19:P19=평가!C11:P11))/SUMPRODUCT((평가!C19:P19<>"")*(평가!C11:P11<>"")),"") | H18: =IFERROR(SUMPRODUCT((평가!C19:P19<>"")*(평가!C12:P12<>"")*(평가!C19:P19=평가!C12:P12))/SUMPRODUCT((평가!C19:P19<>"")*(평가!C12:P12<>"")),"") | I18: =IFERROR(SUMPRODUCT((평가!C19:P19<>"")*(평가!C13:P13<>"")*(평가!C19:P19=평가!C13:P13))/SUMPRODUCT((평가!C19:P19<>"")*(평가!C13:P13<>"")),"") | J18: =IFERROR(SUMPRODUCT((평가!C19:P19<>"")*(평가!C14:P14<>"")*(평가!C19:P19=평가!C14:P14))/SUMPRODUCT((평가!C19:P19<>"")*(평가!C14:P14<>"")),"") | K18: =IFERROR(SUMPRODUCT((평가!C19:P19<>"")*(평가!C15:P15<>"")*(평가!C19:P19=평가!C15:P15))/SUMPRODUCT((평가!C19:P19<>"")*(평가!C15:P15<>"")),"") | L18: =IFERROR(SUMPRODUCT((평가!C19:P19<>"")*(평가!C16:P16<>"")*(평가!C19:P19=평가!C16:P16))/SUMPRODUCT((평가!C19:P19<>"")*(평가!C16:P16<>"")),"") | M18: =IFERROR(SUMPRODUCT((평가!C19:P19<>"")*(평가!C17:P17<>"")*(평가!C19:P19=평가!C17:P17))/SUMPRODUCT((평가!C19:P19<>"")*(평가!C17:P17<>"")),"") | N18: =IFERROR(SUMPRODUCT((평가!C19:P19<>"")*(평가!C18:P18<>"")*(평가!C19:P19=평가!C18:P18))/SUMPRODUCT((평가!C19:P19<>"")*(평가!C18:P18<>"")),"") | O18: ="-" | P18: =IFERROR(SUMPRODUCT((평가!C19:P19<>"")*(평가!C20:P20<>"")*(평가!C19:P19=평가!C20:P20))/SUMPRODUCT((평가!C19:P19<>"")*(평가!C20:P20<>"")),"") | Q18: =IFERROR(SUMPRODUCT((평가!C19:P19<>"")*(평가!C21:P21<>"")*(평가!C19:P19=평가!C21:P21))/SUMPRODUCT((평가!C19:P19<>"")*(평가!C21:P21<>"")),"") | R18: =IFERROR(SUMPRODUCT((평가!C19:P19<>"")*(평가!C22:P22<>"")*(평가!C19:P19=평가!C22:P22))/SUMPRODUCT((평가!C19:P19<>"")*(평가!C22:P22<>"")),"") | S18: =IFERROR(SUMPRODUCT((평가!C19:P19<>"")*(평가!C23:P23<>"")*(평가!C19:P19=평가!C23:P23))/SUMPRODUCT((평가!C19:P19<>"")*(평가!C23:P23<>"")),"") | T18: =IFERROR(SUMPRODUCT((평가!C19:P19<>"")*(평가!C24:P24<>"")*(평가!C19:P19=평가!C24:P24))/SUMPRODUCT((평가!C19:P19<>"")*(평가!C24:P24<>"")),"") | U18: =IFERROR(SUMPRODUCT((평가!C19:P19<>"")*(평가!C25:P25<>"")*(평가!C19:P19=평가!C25:P25))/SUMPRODUCT((평가!C19:P19<>"")*(평가!C25:P25<>"")),"") | V18: =IFERROR(SUMPRODUCT((평가!C19:P19<>"")*(평가!C26:P26<>"")*(평가!C19:P19=평가!C26:P26))/SUMPRODUCT((평가!C19:P19<>"")*(평가!C26:P26<>"")),"") | W18: =IFERROR(SUMPRODUCT((평가!C19:P19<>"")*(평가!C27:P27<>"")*(평가!C19:P19=평가!C27:P27))/SUMPRODUCT((평가!C19:P19<>"")*(평가!C27:P27<>"")),"") | X18: =IFERROR(SUMPRODUCT((평가!C19:P19<>"")*(평가!C28:P28<>"")*(평가!C19:P19=평가!C28:P28))/SUMPRODUCT((평가!C19:P19<>"")*(평가!C28:P28<>"")),"") | Y18: =IFERROR(SUMPRODUCT((평가!C19:P19<>"")*(평가!C29:P29<>"")*(평가!C19:P19=평가!C29:P29))/SUMPRODUCT((평가!C19:P19<>"")*(평가!C29:P29<>"")),"")
A19: 생명과학과 | B19: =IFERROR(SUMPRODUCT((평가!C20:P20<>"")*(평가!C6:P6<>"")*(평가!C20:P20=평가!C6:P6))/SUMPRODUCT((평가!C20:P20<>"")*(평가!C6:P6<>"")),"") | C19: =IFERROR(SUMPRODUCT((평가!C20:P20<>"")*(평가!C7:P7<>"")*(평가!C20:P20=평가!C7:P7))/SUMPRODUCT((평가!C20:P20<>"")*(평가!C7:P7<>"")),"") | D19: =IFERROR(SUMPRODUCT((평가!C20:P20<>"")*(평가!C8:P8<>"")*(평가!C20:P20=평가!C8:P8))/SUMPRODUCT((평가!C20:P20<>"")*(평가!C8:P8<>"")),"") | E19: =IFERROR(SUMPRODUCT((평가!C20:P20<>"")*(평가!C9:P9<>"")*(평가!C20:P20=평가!C9:P9))/SUMPRODUCT((평가!C20:P20<>"")*(평가!C9:P9<>"")),"") | F19: =IFERROR(SUMPRODUCT((평가!C20:P20<>"")*(평가!C10:P10<>"")*(평가!C20:P20=평가!C10:P10))/SUMPRODUCT((평가!C20:P20<>"")*(평가!C10:P10<>"")),"") | G19: =IFERROR(SUMPRODUCT((평가!C20:P20<>"")*(평가!C11:P11<>"")*(평가!C20:P20=평가!C11:P11))/SUMPRODUCT((평가!C20:P20<>"")*(평가!C11:P11<>"")),"") | H19: =IFERROR(SUMPRODUCT((평가!C20:P20<>"")*(평가!C12:P12<>"")*(평가!C20:P20=평가!C12:P12))/SUMPRODUCT((평가!C20:P20<>"")*(평가!C12:P12<>"")),"") | I19: =IFERROR(SUMPRODUCT((평가!C20:P20<>"")*(평가!C13:P13<>"")*(평가!C20:P20=평가!C13:P13))/SUMPRODUCT((평가!C20:P20<>"")*(평가!C13:P13<>"")),"") | J19: =IFERROR(SUMPRODUCT((평가!C20:P20<>"")*(평가!C14:P14<>"")*(평가!C20:P20=평가!C14:P14))/SUMPRODUCT((평가!C20:P20<>"")*(평가!C14:P14<>"")),"") | K19: =IFERROR(SUMPRODUCT((평가!C20:P20<>"")*(평가!C15:P15<>"")*(평가!C20:P20=평가!C15:P15))/SUMPRODUCT((평가!C20:P20<>"")*(평가!C15:P15<>"")),"") | L19: =IFERROR(SUMPRODUCT((평가!C20:P20<>"")*(평가!C16:P16<>"")*(평가!C20:P20=평가!C16:P16))/SUMPRODUCT((평가!C20:P20<>"")*(평가!C16:P16<>"")),"") | M19: =IFERROR(SUMPRODUCT((평가!C20:P20<>"")*(평가!C17:P17<>"")*(평가!C20:P20=평가!C17:P17))/SUMPRODUCT((평가!C20:P20<>"")*(평가!C17:P17<>"")),"") | N19: =IFERROR(SUMPRODUCT((평가!C20:P20<>"")*(평가!C18:P18<>"")*(평가!C20:P20=평가!C18:P18))/SUMPRODUCT((평가!C20:P20<>"")*(평가!C18:P18<>"")),"") | O19: =IFERROR(SUMPRODUCT((평가!C20:P20<>"")*(평가!C19:P19<>"")*(평가!C20:P20=평가!C19:P19))/SUMPRODUCT((평가!C20:P20<>"")*(평가!C19:P19<>"")),"") | P19: ="-" | Q19: =IFERROR(SUMPRODUCT((평가!C20:P20<>"")*(평가!C21:P21<>"")*(평가!C20:P20=평가!C21:P21))/SUMPRODUCT((평가!C20:P20<>"")*(평가!C21:P21<>"")),"") | R19: =IFERROR(SUMPRODUCT((평가!C20:P20<>"")*(평가!C22:P22<>"")*(평가!C20:P20=평가!C22:P22))/SUMPRODUCT((평가!C20:P20<>"")*(평가!C22:P22<>"")),"") | S19: =IFERROR(SUMPRODUCT((평가!C20:P20<>"")*(평가!C23:P23<>"")*(평가!C20:P20=평가!C23:P23))/SUMPRODUCT((평가!C20:P20<>"")*(평가!C23:P23<>"")),"") | T19: =IFERROR(SUMPRODUCT((평가!C20:P20<>"")*(평가!C24:P24<>"")*(평가!C20:P20=평가!C24:P24))/SUMPRODUCT((평가!C20:P20<>"")*(평가!C24:P24<>"")),"") | U19: =IFERROR(SUMPRODUCT((평가!C20:P20<>"")*(평가!C25:P25<>"")*(평가!C20:P20=평가!C25:P25))/SUMPRODUCT((평가!C20:P20<>"")*(평가!C25:P25<>"")),"") | V19: =IFERROR(SUMPRODUCT((평가!C20:P20<>"")*(평가!C26:P26<>"")*(평가!C20:P20=평가!C26:P26))/SUMPRODUCT((평가!C20:P20<>"")*(평가!C26:P26<>"")),"") | W19: =IFERROR(SUMPRODUCT((평가!C20:P20<>"")*(평가!C27:P27<>"")*(평가!C20:P20=평가!C27:P27))/SUMPRODUCT((평가!C20:P20<>"")*(평가!C27:P27<>"")),"") | X19: =IFERROR(SUMPRODUCT((평가!C20:P20<>"")*(평가!C28:P28<>"")*(평가!C20:P20=평가!C28:P28))/SUMPRODUCT((평가!C20:P20<>"")*(평가!C28:P28<>"")),"") | Y19: =IFERROR(SUMPRODUCT((평가!C20:P20<>"")*(평가!C29:P29<>"")*(평가!C20:P20=평가!C29:P29))/SUMPRODUCT((평가!C20:P20<>"")*(평가!C29:P29<>"")),"")
A20: 미디어커뮤니케이션학과 | B20: =IFERROR(SUMPRODUCT((평가!C21:P21<>"")*(평가!C6:P6<>"")*(평가!C21:P21=평가!C6:P6))/SUMPRODUCT((평가!C21:P21<>"")*(평가!C6:P6<>"")),"") | C20: =IFERROR(SUMPRODUCT((평가!C21:P21<>"")*(평가!C7:P7<>"")*(평가!C21:P21=평가!C7:P7))/SUMPRODUCT((평가!C21:P21<>"")*(평가!C7:P7<>"")),"") | D20: =IFERROR(SUMPRODUCT((평가!C21:P21<>"")*(평가!C8:P8<>"")*(평가!C21:P21=평가!C8:P8))/SUMPRODUCT((평가!C21:P21<>"")*(평가!C8:P8<>"")),"") | E20: =IFERROR(SUMPRODUCT((평가!C21:P21<>"")*(평가!C9:P9<>"")*(평가!C21:P21=평가!C9:P9))/SUMPRODUCT((평가!C21:P21<>"")*(평가!C9:P9<>"")),"") | F20: =IFERROR(SUMPRODUCT((평가!C21:P21<>"")*(평가!C10:P10<>"")*(평가!C21:P21=평가!C10:P10))/SUMPRODUCT((평가!C21:P21<>"")*(평가!C10:P10<>"")),"") | G20: =IFERROR(SUMPRODUCT((평가!C21:P21<>"")*(평가!C11:P11<>"")*(평가!C21:P21=평가!C11:P11))/SUMPRODUCT((평가!C21:P21<>"")*(평가!C11:P11<>"")),"") | H20: =IFERROR(SUMPRODUCT((평가!C21:P21<>"")*(평가!C12:P12<>"")*(평가!C21:P21=평가!C12:P12))/SUMPRODUCT((평가!C21:P21<>"")*(평가!C12:P12<>"")),"") | I20: =IFERROR(SUMPRODUCT((평가!C21:P21<>"")*(평가!C13:P13<>"")*(평가!C21:P21=평가!C13:P13))/SUMPRODUCT((평가!C21:P21<>"")*(평가!C13:P13<>"")),"") | J20: =IFERROR(SUMPRODUCT((평가!C21:P21<>"")*(평가!C14:P14<>"")*(평가!C21:P21=평가!C14:P14))/SUMPRODUCT((평가!C21:P21<>"")*(평가!C14:P14<>"")),"") | K20: =IFERROR(SUMPRODUCT((평가!C21:P21<>"")*(평가!C15:P15<>"")*(평가!C21:P21=평가!C15:P15))/SUMPRODUCT((평가!C21:P21<>"")*(평가!C15:P15<>"")),"") | L20: =IFERROR(SUMPRODUCT((평가!C21:P21<>"")*(평가!C16:P16<>"")*(평가!C21:P21=평가!C16:P16))/SUMPRODUCT((평가!C21:P21<>"")*(평가!C16:P16<>"")),"") | M20: =IFERROR(SUMPRODUCT((평가!C21:P21<>"")*(평가!C17:P17<>"")*(평가!C21:P21=평가!C17:P17))/SUMPRODUCT((평가!C21:P21<>"")*(평가!C17:P17<>"")),"") | N20: =IFERROR(SUMPRODUCT((평가!C21:P21<>"")*(평가!C18:P18<>"")*(평가!C21:P21=평가!C18:P18))/SUMPRODUCT((평가!C21:P21<>"")*(평가!C18:P18<>"")),"") | O20: =IFERROR(SUMPRODUCT((평가!C21:P21<>"")*(평가!C19:P19<>"")*(평가!C21:P21=평가!C19:P19))/SUMPRODUCT((평가!C21:P21<>"")*(평가!C19:P19<>"")),"") | P20: =IFERROR(SUMPRODUCT((평가!C21:P21<>"")*(평가!C20:P20<>"")*(평가!C21:P21=평가!C20:P20))/SUMPRODUCT((평가!C21:P21<>"")*(평가!C20:P20<>"")),"") | Q20: ="-" | R20: =IFERROR(SUMPRODUCT((평가!C21:P21<>"")*(평가!C22:P22<>"")*(평가!C21:P21=평가!C22:P22))/SUMPRODUCT((평가!C21:P21<>"")*(평가!C22:P22<>"")),"") | S20: =IFERROR(SUMPRODUCT((평가!C21:P21<>"")*(평가!C23:P23<>"")*(평가!C21:P21=평가!C23:P23))/SUMPRODUCT((평가!C21:P21<>"")*(평가!C23:P23<>"")),"") | T20: =IFERROR(SUMPRODUCT((평가!C21:P21<>"")*(평가!C24:P24<>"")*(평가!C21:P21=평가!C24:P24))/SUMPRODUCT((평가!C21:P21<>"")*(평가!C24:P24<>"")),"") | U20: =IFERROR(SUMPRODUCT((평가!C21:P21<>"")*(평가!C25:P25<>"")*(평가!C21:P21=평가!C25:P25))/SUMPRODUCT((평가!C21:P21<>"")*(평가!C25:P25<>"")),"") | V20: =IFERROR(SUMPRODUCT((평가!C21:P21<>"")*(평가!C26:P26<>"")*(평가!C21:P21=평가!C26:P26))/SUMPRODUCT((평가!C21:P21<>"")*(평가!C26:P26<>"")),"") | W20: =IFERROR(SUMPRODUCT((평가!C21:P21<>"")*(평가!C27:P27<>"")*(평가!C21:P21=평가!C27:P27))/SUMPRODUCT((평가!C21:P21<>"")*(평가!C27:P27<>"")),"") | X20: =IFERROR(SUMPRODUCT((평가!C21:P21<>"")*(평가!C28:P28<>"")*(평가!C21:P21=평가!C28:P28))/SUMPRODUCT((평가!C21:P21<>"")*(평가!C28:P28<>"")),"") | Y20: =IFERROR(SUMPRODUCT((평가!C21:P21<>"")*(평가!C29:P29<>"")*(평가!C21:P21=평가!C29:P29))/SUMPRODUCT((평가!C21:P21<>"")*(평가!C29:P29<>"")),"")
A21: 화학공학과 | B21: =IFERROR(SUMPRODUCT((평가!C22:P22<>"")*(평가!C6:P6<>"")*(평가!C22:P22=평가!C6:P6))/SUMPRODUCT((평가!C22:P22<>"")*(평가!C6:P6<>"")),"") | C21: =IFERROR(SUMPRODUCT((평가!C22:P22<>"")*(평가!C7:P7<>"")*(평가!C22:P22=평가!C7:P7))/SUMPRODUCT((평가!C22:P22<>"")*(평가!C7:P7<>"")),"") | D21: =IFERROR(SUMPRODUCT((평가!C22:P22<>"")*(평가!C8:P8<>"")*(평가!C22:P22=평가!C8:P8))/SUMPRODUCT((평가!C22:P22<>"")*(평가!C8:P8<>"")),"") | E21: =IFERROR(SUMPRODUCT((평가!C22:P22<>"")*(평가!C9:P9<>"")*(평가!C22:P22=평가!C9:P9))/SUMPRODUCT((평가!C22:P22<>"")*(평가!C9:P9<>"")),"") | F21: =IFERROR(SUMPRODUCT((평가!C22:P22<>"")*(평가!C10:P10<>"")*(평가!C22:P22=평가!C10:P10))/SUMPRODUCT((평가!C22:P22<>"")*(평가!C10:P10<>"")),"") | G21: =IFERROR(SUMPRODUCT((평가!C22:P22<>"")*(평가!C11:P11<>"")*(평가!C22:P22=평가!C11:P11))/SUMPRODUCT((평가!C22:P22<>"")*(평가!C11:P11<>"")),"") | H21: =IFERROR(SUMPRODUCT((평가!C22:P22<>"")*(평가!C12:P12<>"")*(평가!C22:P22=평가!C12:P12))/SUMPRODUCT((평가!C22:P22<>"")*(평가!C12:P12<>"")),"") | I21: =IFERROR(SUMPRODUCT((평가!C22:P22<>"")*(평가!C13:P13<>"")*(평가!C22:P22=평가!C13:P13))/SUMPRODUCT((평가!C22:P22<>"")*(평가!C13:P13<>"")),"") | J21: =IFERROR(SUMPRODUCT((평가!C22:P22<>"")*(평가!C14:P14<>"")*(평가!C22:P22=평가!C14:P14))/SUMPRODUCT((평가!C22:P22<>"")*(평가!C14:P14<>"")),"") | K21: =IFERROR(SUMPRODUCT((평가!C22:P22<>"")*(평가!C15:P15<>"")*(평가!C22:P22=평가!C15:P15))/SUMPRODUCT((평가!C22:P22<>"")*(평가!C15:P15<>"")),"") | L21: =IFERROR(SUMPRODUCT((평가!C22:P22<>"")*(평가!C16:P16<>"")*(평가!C22:P22=평가!C16:P16))/SUMPRODUCT((평가!C22:P22<>"")*(평가!C16:P16<>"")),"") | M21: =IFERROR(SUMPRODUCT((평가!C22:P22<>"")*(평가!C17:P17<>"")*(평가!C22:P22=평가!C17:P17))/SUMPRODUCT((평가!C22:P22<>"")*(평가!C17:P17<>"")),"") | N21: =IFERROR(SUMPRODUCT((평가!C22:P22<>"")*(평가!C18:P18<>"")*(평가!C22:P22=평가!C18:P18))/SUMPRODUCT((평가!C22:P22<>"")*(평가!C18:P18<>"")),"") | O21: =IFERROR(SUMPRODUCT((평가!C22:P22<>"")*(평가!C19:P19<>"")*(평가!C22:P22=평가!C19:P19))/SUMPRODUCT((평가!C22:P22<>"")*(평가!C19:P19<>"")),"") | P21: =IFERROR(SUMPRODUCT((평가!C22:P22<>"")*(평가!C20:P20<>"")*(평가!C22:P22=평가!C20:P20))/SUMPRODUCT((평가!C22:P22<>"")*(평가!C20:P20<>"")),"") | Q21: =IFERROR(SUMPRODUCT((평가!C22:P22<>"")*(평가!C21:P21<>"")*(평가!C22:P22=평가!C21:P21))/SUMPRODUCT((평가!C22:P22<>"")*(평가!C21:P21<>"")),"") | R21: ="-" | S21: =IFERROR(SUMPRODUCT((평가!C22:P22<>"")*(평가!C23:P23<>"")*(평가!C22:P22=평가!C23:P23))/SUMPRODUCT((평가!C22:P22<>"")*(평가!C23:P23<>"")),"") | T21: =IFERROR(SUMPRODUCT((평가!C22:P22<>"")*(평가!C24:P24<>"")*(평가!C22:P22=평가!C24:P24))/SUMPRODUCT((평가!C22:P22<>"")*(평가!C24:P24<>"")),"") | U21: =IFERROR(SUMPRODUCT((평가!C22:P22<>"")*(평가!C25:P25<>"")*(평가!C22:P22=평가!C25:P25))/SUMPRODUCT((평가!C22:P22<>"")*(평가!C25:P25<>"")),"") | V21: =IFERROR(SUMPRODUCT((평가!C22:P22<>"")*(평가!C26:P26<>"")*(평가!C22:P22=평가!C26:P26))/SUMPRODUCT((평가!C22:P22<>"")*(평가!C26:P26<>"")),"") | W21: =IFERROR(SUMPRODUCT((평가!C22:P22<>"")*(평가!C27:P27<>"")*(평가!C22:P22=평가!C27:P27))/SUMPRODUCT((평가!C22:P22<>"")*(평가!C27:P27<>"")),"") | X21: =IFERROR(SUMPRODUCT((평가!C22:P22<>"")*(평가!C28:P28<>"")*(평가!C22:P22=평가!C28:P28))/SUMPRODUCT((평가!C22:P22<>"")*(평가!C28:P28<>"")),"") | Y21: =IFERROR(SUMPRODUCT((평가!C22:P22<>"")*(평가!C29:P29<>"")*(평가!C22:P22=평가!C29:P29))/SUMPRODUCT((평가!C22:P22<>"")*(평가!C29:P29<>"")),"")
A22: 디자인학과 | B22: =IFERROR(SUMPRODUCT((평가!C23:P23<>"")*(평가!C6:P6<>"")*(평가!C23:P23=평가!C6:P6))/SUMPRODUCT((평가!C23:P23<>"")*(평가!C6:P6<>"")),"") | C22: =IFERROR(SUMPRODUCT((평가!C23:P23<>"")*(평가!C7:P7<>"")*(평가!C23:P23=평가!C7:P7))/SUMPRODUCT((평가!C23:P23<>"")*(평가!C7:P7<>"")),"") | D22: =IFERROR(SUMPRODUCT((평가!C23:P23<>"")*(평가!C8:P8<>"")*(평가!C23:P23=평가!C8:P8))/SUMPRODUCT((평가!C23:P23<>"")*(평가!C8:P8<>"")),"") | E22: =IFERROR(SUMPRODUCT((평가!C23:P23<>"")*(평가!C9:P9<>"")*(평가!C23:P23=평가!C9:P9))/SUMPRODUCT((평가!C23:P23<>"")*(평가!C9:P9<>"")),"") | F22: =IFERROR(SUMPRODUCT((평가!C23:P23<>"")*(평가!C10:P10<>"")*(평가!C23:P23=평가!C10:P10))/SUMPRODUCT((평가!C23:P23<>"")*(평가!C10:P10<>"")),"") | G22: =IFERROR(SUMPRODUCT((평가!C23:P23<>"")*(평가!C11:P11<>"")*(평가!C23:P23=평가!C11:P11))/SUMPRODUCT((평가!C23:P23<>"")*(평가!C11:P11<>"")),"") | H22: =IFERROR(SUMPRODUCT((평가!C23:P23<>"")*(평가!C12:P12<>"")*(평가!C23:P23=평가!C12:P12))/SUMPRODUCT((평가!C23:P23<>"")*(평가!C12:P12<>"")),"") | I22: =IFERROR(SUMPRODUCT((평가!C23:P23<>"")*(평가!C13:P13<>"")*(평가!C23:P23=평가!C13:P13))/SUMPRODUCT((평가!C23:P23<>"")*(평가!C13:P13<>"")),"") | J22: =IFERROR(SUMPRODUCT((평가!C23:P23<>"")*(평가!C14:P14<>"")*(평가!C23:P23=평가!C14:P14))/SUMPRODUCT((평가!C23:P23<>"")*(평가!C14:P14<>"")),"") | K22: =IFERROR(SUMPRODUCT((평가!C23:P23<>"")*(평가!C15:P15<>"")*(평가!C23:P23=평가!C15:P15))/SUMPRODUCT((평가!C23:P23<>"")*(평가!C15:P15<>"")),"") | L22: =IFERROR(SUMPRODUCT((평가!C23:P23<>"")*(평가!C16:P16<>"")*(평가!C23:P23=평가!C16:P16))/SUMPRODUCT((평가!C23:P23<>"")*(평가!C16:P16<>"")),"") | M22: =IFERROR(SUMPRODUCT((평가!C23:P23<>"")*(평가!C17:P17<>"")*(평가!C23:P23=평가!C17:P17))/SUMPRODUCT((평가!C23:P23<>"")*(평가!C17:P17<>"")),"") | N22: =IFERROR(SUMPRODUCT((평가!C23:P23<>"")*(평가!C18:P18<>"")*(평가!C23:P23=평가!C18:P18))/SUMPRODUCT((평가!C23:P23<>"")*(평가!C18:P18<>"")),"") | O22: =IFERROR(SUMPRODUCT((평가!C23:P23<>"")*(평가!C19:P19<>"")*(평가!C23:P23=평가!C19:P19))/SUMPRODUCT((평가!C23:P23<>"")*(평가!C19:P19<>"")),"") | P22: =IFERROR(SUMPRODUCT((평가!C23:P23<>"")*(평가!C20:P20<>"")*(평가!C23:P23=평가!C20:P20))/SUMPRODUCT((평가!C23:P23<>"")*(평가!C20:P20<>"")),"") | Q22: =IFERROR(SUMPRODUCT((평가!C23:P23<>"")*(평가!C21:P21<>"")*(평가!C23:P23=평가!C21:P21))/SUMPRODUCT((평가!C23:P23<>"")*(평가!C21:P21<>"")),"") | R22: =IFERROR(SUMPRODUCT((평가!C23:P23<>"")*(평가!C22:P22<>"")*(평가!C23:P23=평가!C22:P22))/SUMPRODUCT((평가!C23:P23<>"")*(평가!C22:P22<>"")),"") | S22: ="-" | T22: =IFERROR(SUMPRODUCT((평가!C23:P23<>"")*(평가!C24:P24<>"")*(평가!C23:P23=평가!C24:P24))/SUMPRODUCT((평가!C23:P23<>"")*(평가!C24:P24<>"")),"") | U22: =IFERROR(SUMPRODUCT((평가!C23:P23<>"")*(평가!C25:P25<>"")*(평가!C23:P23=평가!C25:P25))/SUMPRODUCT((평가!C23:P23<>"")*(평가!C25:P25<>"")),"") | V22: =IFERROR(SUMPRODUCT((평가!C23:P23<>"")*(평가!C26:P26<>"")*(평가!C23:P23=평가!C26:P26))/SUMPRODUCT((평가!C23:P23<>"")*(평가!C26:P26<>"")),"") | W22: =IFERROR(SUMPRODUCT((평가!C23:P23<>"")*(평가!C27:P27<>"")*(평가!C23:P23=평가!C27:P27))/SUMPRODUCT((평가!C23:P23<>"")*(평가!C27:P27<>"")),"") | X22: =IFERROR(SUMPRODUCT((평가!C23:P23<>"")*(평가!C28:P28<>"")*(평가!C23:P23=평가!C28:P28))/SUMPRODUCT((평가!C23:P23<>"")*(평가!C28:P28<>"")),"") | Y22: =IFERROR(SUMPRODUCT((평가!C23:P23<>"")*(평가!C29:P29<>"")*(평가!C23:P23=평가!C29:P29))/SUMPRODUCT((평가!C23:P23<>"")*(평가!C29:P29<>"")),"")
A23: 식품영양학과 | B23: =IFERROR(SUMPRODUCT((평가!C24:P24<>"")*(평가!C6:P6<>"")*(평가!C24:P24=평가!C6:P6))/SUMPRODUCT((평가!C24:P24<>"")*(평가!C6:P6<>"")),"") | C23: =IFERROR(SUMPRODUCT((평가!C24:P24<>"")*(평가!C7:P7<>"")*(평가!C24:P24=평가!C7:P7))/SUMPRODUCT((평가!C24:P24<>"")*(평가!C7:P7<>"")),"") | D23: =IFERROR(SUMPRODUCT((평가!C24:P24<>"")*(평가!C8:P8<>"")*(평가!C24:P24=평가!C8:P8))/SUMPRODUCT((평가!C24:P24<>"")*(평가!C8:P8<>"")),"") | E23: =IFERROR(SUMPRODUCT((평가!C24:P24<>"")*(평가!C9:P9<>"")*(평가!C24:P24=평가!C9:P9))/SUMPRODUCT((평가!C24:P24<>"")*(평가!C9:P9<>"")),"") | F23: =IFERROR(SUMPRODUCT((평가!C24:P24<>"")*(평가!C10:P10<>"")*(평가!C24:P24=평가!C10:P10))/SUMPRODUCT((평가!C24:P24<>"")*(평가!C10:P10<>"")),"") | G23: =IFERROR(SUMPRODUCT((평가!C24:P24<>"")*(평가!C11:P11<>"")*(평가!C24:P24=평가!C11:P11))/SUMPRODUCT((평가!C24:P24<>"")*(평가!C11:P11<>"")),"") | H23: =IFERROR(SUMPRODUCT((평가!C24:P24<>"")*(평가!C12:P12<>"")*(평가!C24:P24=평가!C12:P12))/SUMPRODUCT((평가!C24:P24<>"")*(평가!C12:P12<>"")),"") | I23: =IFERROR(SUMPRODUCT((평가!C24:P24<>"")*(평가!C13:P13<>"")*(평가!C24:P24=평가!C13:P13))/SUMPRODUCT((평가!C24:P24<>"")*(평가!C13:P13<>"")),"") | J23: =IFERROR(SUMPRODUCT((평가!C24:P24<>"")*(평가!C14:P14<>"")*(평가!C24:P24=평가!C14:P14))/SUMPRODUCT((평가!C24:P24<>"")*(평가!C14:P14<>"")),"") | K23: =IFERROR(SUMPRODUCT((평가!C24:P24<>"")*(평가!C15:P15<>"")*(평가!C24:P24=평가!C15:P15))/SUMPRODUCT((평가!C24:P24<>"")*(평가!C15:P15<>"")),"") | L23: =IFERROR(SUMPRODUCT((평가!C24:P24<>"")*(평가!C16:P16<>"")*(평가!C24:P24=평가!C16:P16))/SUMPRODUCT((평가!C24:P24<>"")*(평가!C16:P16<>"")),"") | M23: =IFERROR(SUMPRODUCT((평가!C24:P24<>"")*(평가!C17:P17<>"")*(평가!C24:P24=평가!C17:P17))/SUMPRODUCT((평가!C24:P24<>"")*(평가!C17:P17<>"")),"") | N23: =IFERROR(SUMPRODUCT((평가!C24:P24<>"")*(평가!C18:P18<>"")*(평가!C24:P24=평가!C18:P18))/SUMPRODUCT((평가!C24:P24<>"")*(평가!C18:P18<>"")),"") | O23: =IFERROR(SUMPRODUCT((평가!C24:P24<>"")*(평가!C19:P19<>"")*(평가!C24:P24=평가!C19:P19))/SUMPRODUCT((평가!C24:P24<>"")*(평가!C19:P19<>"")),"") | P23: =IFERROR(SUMPRODUCT((평가!C24:P24<>"")*(평가!C20:P20<>"")*(평가!C24:P24=평가!C20:P20))/SUMPRODUCT((평가!C24:P24<>"")*(평가!C20:P20<>"")),"") | Q23: =IFERROR(SUMPRODUCT((평가!C24:P24<>"")*(평가!C21:P21<>"")*(평가!C24:P24=평가!C21:P21))/SUMPRODUCT((평가!C24:P24<>"")*(평가!C21:P21<>"")),"") | R23: =IFERROR(SUMPRODUCT((평가!C24:P24<>"")*(평가!C22:P22<>"")*(평가!C24:P24=평가!C22:P22))/SUMPRODUCT((평가!C24:P24<>"")*(평가!C22:P22<>"")),"") | S23: =IFERROR(SUMPRODUCT((평가!C24:P24<>"")*(평가!C23:P23<>"")*(평가!C24:P24=평가!C23:P23))/SUMPRODUCT((평가!C24:P24<>"")*(평가!C23:P23<>"")),"") | T23: ="-" | U23: =IFERROR(SUMPRODUCT((평가!C24:P24<>"")*(평가!C25:P25<>"")*(평가!C24:P24=평가!C25:P25))/SUMPRODUCT((평가!C24:P24<>"")*(평가!C25:P25<>"")),"") | V23: =IFERROR(SUMPRODUCT((평가!C24:P24<>"")*(평가!C26:P26<>"")*(평가!C24:P24=평가!C26:P26))/SUMPRODUCT((평가!C24:P24<>"")*(평가!C26:P26<>"")),"") | W23: =IFERROR(SUMPRODUCT((평가!C24:P24<>"")*(평가!C27:P27<>"")*(평가!C24:P24=평가!C27:P27))/SUMPRODUCT((평가!C24:P24<>"")*(평가!C27:P27<>"")),"") | X23: =IFERROR(SUMPRODUCT((평가!C24:P24<>"")*(평가!C28:P28<>"")*(평가!C24:P24=평가!C28:P28))/SUMPRODUCT((평가!C24:P24<>"")*(평가!C28:P28<>"")),"") | Y23: =IFERROR(SUMPRODUCT((평가!C24:P24<>"")*(평가!C29:P29<>"")*(평가!C24:P24=평가!C29:P29))/SUMPRODUCT((평가!C24:P24<>"")*(평가!C29:P29<>"")),"")
A24: 간호학과 | B24: =IFERROR(SUMPRODUCT((평가!C25:P25<>"")*(평가!C6:P6<>"")*(평가!C25:P25=평가!C6:P6))/SUMPRODUCT((평가!C25:P25<>"")*(평가!C6:P6<>"")),"") | C24: =IFERROR(SUMPRODUCT((평가!C25:P25<>"")*(평가!C7:P7<>"")*(평가!C25:P25=평가!C7:P7))/SUMPRODUCT((평가!C25:P25<>"")*(평가!C7:P7<>"")),"") | D24: =IFERROR(SUMPRODUCT((평가!C25:P25<>"")*(평가!C8:P8<>"")*(평가!C25:P25=평가!C8:P8))/SUMPRODUCT((평가!C25:P25<>"")*(평가!C8:P8<>"")),"") | E24: =IFERROR(SUMPRODUCT((평가!C25:P25<>"")*(평가!C9:P9<>"")*(평가!C25:P25=평가!C9:P9))/SUMPRODUCT((평가!C25:P25<>"")*(평가!C9:P9<>"")),"") | F24: =IFERROR(SUMPRODUCT((평가!C25:P25<>"")*(평가!C10:P10<>"")*(평가!C25:P25=평가!C10:P10))/SUMPRODUCT((평가!C25:P25<>"")*(평가!C10:P10<>"")),"") | G24: =IFERROR(SUMPRODUCT((평가!C25:P25<>"")*(평가!C11:P11<>"")*(평가!C25:P25=평가!C11:P11))/SUMPRODUCT((평가!C25:P25<>"")*(평가!C11:P11<>"")),"") | H24: =IFERROR(SUMPRODUCT((평가!C25:P25<>"")*(평가!C12:P12<>"")*(평가!C25:P25=평가!C12:P12))/SUMPRODUCT((평가!C25:P25<>"")*(평가!C12:P12<>"")),"") | I24: =IFERROR(SUMPRODUCT((평가!C25:P25<>"")*(평가!C13:P13<>"")*(평가!C25:P25=평가!C13:P13))/SUMPRODUCT((평가!C25:P25<>"")*(평가!C13:P13<>"")),"") | J24: =IFERROR(SUMPRODUCT((평가!C25:P25<>"")*(평가!C14:P14<>"")*(평가!C25:P25=평가!C14:P14))/SUMPRODUCT((평가!C25:P25<>"")*(평가!C14:P14<>"")),"") | K24: =IFERROR(SUMPRODUCT((평가!C25:P25<>"")*(평가!C15:P15<>"")*(평가!C25:P25=평가!C15:P15))/SUMPRODUCT((평가!C25:P25<>"")*(평가!C15:P15<>"")),"") | L24: =IFERROR(SUMPRODUCT((평가!C25:P25<>"")*(평가!C16:P16<>"")*(평가!C25:P25=평가!C16:P16))/SUMPRODUCT((평가!C25:P25<>"")*(평가!C16:P16<>"")),"") | M24: =IFERROR(SUMPRODUCT((평가!C25:P25<>"")*(평가!C17:P17<>"")*(평가!C25:P25=평가!C17:P17))/SUMPRODUCT((평가!C25:P25<>"")*(평가!C17:P17<>"")),"") | N24: =IFERROR(SUMPRODUCT((평가!C25:P25<>"")*(평가!C18:P18<>"")*(평가!C25:P25=평가!C18:P18))/SUMPRODUCT((평가!C25:P25<>"")*(평가!C18:P18<>"")),"") | O24: =IFERROR(SUMPRODUCT((평가!C25:P25<>"")*(평가!C19:P19<>"")*(평가!C25:P25=평가!C19:P19))/SUMPRODUCT((평가!C25:P25<>"")*(평가!C19:P19<>"")),"") | P24: =IFERROR(SUMPRODUCT((평가!C25:P25<>"")*(평가!C20:P20<>"")*(평가!C25:P25=평가!C20:P20))/SUMPRODUCT((평가!C25:P25<>"")*(평가!C20:P20<>"")),"") | Q24: =IFERROR(SUMPRODUCT((평가!C25:P25<>"")*(평가!C21:P21<>"")*(평가!C25:P25=평가!C21:P21))/SUMPRODUCT((평가!C25:P25<>"")*(평가!C21:P21<>"")),"") | R24: =IFERROR(SUMPRODUCT((평가!C25:P25<>"")*(평가!C22:P22<>"")*(평가!C25:P25=평가!C22:P22))/SUMPRODUCT((평가!C25:P25<>"")*(평가!C22:P22<>"")),"") | S24: =IFERROR(SUMPRODUCT((평가!C25:P25<>"")*(평가!C23:P23<>"")*(평가!C25:P25=평가!C23:P23))/SUMPRODUCT((평가!C25:P25<>"")*(평가!C23:P23<>"")),"") | T24: =IFERROR(SUMPRODUCT((평가!C25:P25<>"")*(평가!C24:P24<>"")*(평가!C25:P25=평가!C24:P24))/SUMPRODUCT((평가!C25:P25<>"")*(평가!C24:P24<>"")),"") | U24: ="-" | V24: =IFERROR(SUMPRODUCT((평가!C25:P25<>"")*(평가!C26:P26<>"")*(평가!C25:P25=평가!C26:P26))/SUMPRODUCT((평가!C25:P25<>"")*(평가!C26:P26<>"")),"") | W24: =IFERROR(SUMPRODUCT((평가!C25:P25<>"")*(평가!C27:P27<>"")*(평가!C25:P25=평가!C27:P27))/SUMPRODUCT((평가!C25:P25<>"")*(평가!C27:P27<>"")),"") | X24: =IFERROR(SUMPRODUCT((평가!C25:P25<>"")*(평가!C28:P28<>"")*(평가!C25:P25=평가!C28:P28))/SUMPRODUCT((평가!C25:P25<>"")*(평가!C28:P28<>"")),"") | Y24: =IFERROR(SUMPRODUCT((평가!C25:P25<>"")*(평가!C29:P29<>"")*(평가!C25:P25=평가!C29:P29))/SUMPRODUCT((평가!C25:P25<>"")*(평가!C29:P29<>"")),"")
A25: 전기전자공학과 | B25: =IFERROR(SUMPRODUCT((평가!C26:P26<>"")*(평가!C6:P6<>"")*(평가!C26:P26=평가!C6:P6))/SUMPRODUCT((평가!C26:P26<>"")*(평가!C6:P6<>"")),"") | C25: =IFERROR(SUMPRODUCT((평가!C26:P26<>"")*(평가!C7:P7<>"")*(평가!C26:P26=평가!C7:P7))/SUMPRODUCT((평가!C26:P26<>"")*(평가!C7:P7<>"")),"") | D25: =IFERROR(SUMPRODUCT((평가!C26:P26<>"")*(평가!C8:P8<>"")*(평가!C26:P26=평가!C8:P8))/SUMPRODUCT((평가!C26:P26<>"")*(평가!C8:P8<>"")),"") | E25: =IFERROR(SUMPRODUCT((평가!C26:P26<>"")*(평가!C9:P9<>"")*(평가!C26:P26=평가!C9:P9))/SUMPRODUCT((평가!C26:P26<>"")*(평가!C9:P9<>"")),"") | F25: =IFERROR(SUMPRODUCT((평가!C26:P26<>"")*(평가!C10:P10<>"")*(평가!C26:P26=평가!C10:P10))/SUMPRODUCT((평가!C26:P26<>"")*(평가!C10:P10<>"")),"") | G25: =IFERROR(SUMPRODUCT((평가!C26:P26<>"")*(평가!C11:P11<>"")*(평가!C26:P26=평가!C11:P11))/SUMPRODUCT((평가!C26:P26<>"")*(평가!C11:P11<>"")),"") | H25: =IFERROR(SUMPRODUCT((평가!C26:P26<>"")*(평가!C12:P12<>"")*(평가!C26:P26=평가!C12:P12))/SUMPRODUCT((평가!C26:P26<>"")*(평가!C12:P12<>"")),"") | I25: =IFERROR(SUMPRODUCT((평가!C26:P26<>"")*(평가!C13:P13<>"")*(평가!C26:P26=평가!C13:P13))/SUMPRODUCT((평가!C26:P26<>"")*(평가!C13:P13<>"")),"") | J25: =IFERROR(SUMPRODUCT((평가!C26:P26<>"")*(평가!C14:P14<>"")*(평가!C26:P26=평가!C14:P14))/SUMPRODUCT((평가!C26:P26<>"")*(평가!C14:P14<>"")),"") | K25: =IFERROR(SUMPRODUCT((평가!C26:P26<>"")*(평가!C15:P15<>"")*(평가!C26:P26=평가!C15:P15))/SUMPRODUCT((평가!C26:P26<>"")*(평가!C15:P15<>"")),"") | L25: =IFERROR(SUMPRODUCT((평가!C26:P26<>"")*(평가!C16:P16<>"")*(평가!C26:P26=평가!C16:P16))/SUMPRODUCT((평가!C26:P26<>"")*(평가!C16:P16<>"")),"") | M25: =IFERROR(SUMPRODUCT((평가!C26:P26<>"")*(평가!C17:P17<>"")*(평가!C26:P26=평가!C17:P17))/SUMPRODUCT((평가!C26:P26<>"")*(평가!C17:P17<>"")),"") | N25: =IFERROR(SUMPRODUCT((평가!C26:P26<>"")*(평가!C18:P18<>"")*(평가!C26:P26=평가!C18:P18))/SUMPRODUCT((평가!C26:P26<>"")*(평가!C18:P18<>"")),"") | O25: =IFERROR(SUMPRODUCT((평가!C26:P26<>"")*(평가!C19:P19<>"")*(평가!C26:P26=평가!C19:P19))/SUMPRODUCT((평가!C26:P26<>"")*(평가!C19:P19<>"")),"") | P25: =IFERROR(SUMPRODUCT((평가!C26:P26<>"")*(평가!C20:P20<>"")*(평가!C26:P26=평가!C20:P20))/SUMPRODUCT((평가!C26:P26<>"")*(평가!C20:P20<>"")),"") | Q25: =IFERROR(SUMPRODUCT((평가!C26:P26<>"")*(평가!C21:P21<>"")*(평가!C26:P26=평가!C21:P21))/SUMPRODUCT((평가!C26:P26<>"")*(평가!C21:P21<>"")),"") | R25: =IFERROR(SUMPRODUCT((평가!C26:P26<>"")*(평가!C22:P22<>"")*(평가!C26:P26=평가!C22:P22))/SUMPRODUCT((평가!C26:P26<>"")*(평가!C22:P22<>"")),"") | S25: =IFERROR(SUMPRODUCT((평가!C26:P26<>"")*(평가!C23:P23<>"")*(평가!C26:P26=평가!C23:P23))/SUMPRODUCT((평가!C26:P26<>"")*(평가!C23:P23<>"")),"") | T25: =IFERROR(SUMPRODUCT((평가!C26:P26<>"")*(평가!C24:P24<>"")*(평가!C26:P26=평가!C24:P24))/SUMPRODUCT((평가!C26:P26<>"")*(평가!C24:P24<>"")),"") | U25: =IFERROR(SUMPRODUCT((평가!C26:P26<>"")*(평가!C25:P25<>"")*(평가!C26:P26=평가!C25:P25))/SUMPRODUCT((평가!C26:P26<>"")*(평가!C25:P25<>"")),"") | V25: ="-" | W25: =IFERROR(SUMPRODUCT((평가!C26:P26<>"")*(평가!C27:P27<>"")*(평가!C26:P26=평가!C27:P27))/SUMPRODUCT((평가!C26:P26<>"")*(평가!C27:P27<>"")),"") | X25: =IFERROR(SUMPRODUCT((평가!C26:P26<>"")*(평가!C28:P28<>"")*(평가!C26:P26=평가!C28:P28))/SUMPRODUCT((평가!C26:P26<>"")*(평가!C28:P28<>"")),"") | Y25: =IFERROR(SUMPRODUCT((평가!C26:P26<>"")*(평가!C29:P29<>"")*(평가!C26:P26=평가!C29:P29))/SUMPRODUCT((평가!C26:P26<>"")*(평가!C29:P29<>"")),"")
A26: 사학과 | B26: =IFERROR(SUMPRODUCT((평가!C27:P27<>"")*(평가!C6:P6<>"")*(평가!C27:P27=평가!C6:P6))/SUMPRODUCT((평가!C27:P27<>"")*(평가!C6:P6<>"")),"") | C26: =IFERROR(SUMPRODUCT((평가!C27:P27<>"")*(평가!C7:P7<>"")*(평가!C27:P27=평가!C7:P7))/SUMPRODUCT((평가!C27:P27<>"")*(평가!C7:P7<>"")),"") | D26: =IFERROR(SUMPRODUCT((평가!C27:P27<>"")*(평가!C8:P8<>"")*(평가!C27:P27=평가!C8:P8))/SUMPRODUCT((평가!C27:P27<>"")*(평가!C8:P8<>"")),"") | E26: =IFERROR(SUMPRODUCT((평가!C27:P27<>"")*(평가!C9:P9<>"")*(평가!C27:P27=평가!C9:P9))/SUMPRODUCT((평가!C27:P27<>"")*(평가!C9:P9<>"")),"") | F26: =IFERROR(SUMPRODUCT((평가!C27:P27<>"")*(평가!C10:P10<>"")*(평가!C27:P27=평가!C10:P10))/SUMPRODUCT((평가!C27:P27<>"")*(평가!C10:P10<>"")),"") | G26: =IFERROR(SUMPRODUCT((평가!C27:P27<>"")*(평가!C11:P11<>"")*(평가!C27:P27=평가!C11:P11))/SUMPRODUCT((평가!C27:P27<>"")*(평가!C11:P11<>"")),"") | H26: =IFERROR(SUMPRODUCT((평가!C27:P27<>"")*(평가!C12:P12<>"")*(평가!C27:P27=평가!C12:P12))/SUMPRODUCT((평가!C27:P27<>"")*(평가!C12:P12<>"")),"") | I26: =IFERROR(SUMPRODUCT((평가!C27:P27<>"")*(평가!C13:P13<>"")*(평가!C27:P27=평가!C13:P13))/SUMPRODUCT((평가!C27:P27<>"")*(평가!C13:P13<>"")),"") | J26: =IFERROR(SUMPRODUCT((평가!C27:P27<>"")*(평가!C14:P14<>"")*(평가!C27:P27=평가!C14:P14))/SUMPRODUCT((평가!C27:P27<>"")*(평가!C14:P14<>"")),"") | K26: =IFERROR(SUMPRODUCT((평가!C27:P27<>"")*(평가!C15:P15<>"")*(평가!C27:P27=평가!C15:P15))/SUMPRODUCT((평가!C27:P27<>"")*(평가!C15:P15<>"")),"") | L26: =IFERROR(SUMPRODUCT((평가!C27:P27<>"")*(평가!C16:P16<>"")*(평가!C27:P27=평가!C16:P16))/SUMPRODUCT((평가!C27:P27<>"")*(평가!C16:P16<>"")),"") | M26: =IFERROR(SUMPRODUCT((평가!C27:P27<>"")*(평가!C17:P17<>"")*(평가!C27:P27=평가!C17:P17))/SUMPRODUCT((평가!C27:P27<>"")*(평가!C17:P17<>"")),"") | N26: =IFERROR(SUMPRODUCT((평가!C27:P27<>"")*(평가!C18:P18<>"")*(평가!C27:P27=평가!C18:P18))/SUMPRODUCT((평가!C27:P27<>"")*(평가!C18:P18<>"")),"") | O26: =IFERROR(SUMPRODUCT((평가!C27:P27<>"")*(평가!C19:P19<>"")*(평가!C27:P27=평가!C19:P19))/SUMPRODUCT((평가!C27:P27<>"")*(평가!C19:P19<>"")),"") | P26: =IFERROR(SUMPRODUCT((평가!C27:P27<>"")*(평가!C20:P20<>"")*(평가!C27:P27=평가!C20:P20))/SUMPRODUCT((평가!C27:P27<>"")*(평가!C20:P20<>"")),"") | Q26: =IFERROR(SUMPRODUCT((평가!C27:P27<>"")*(평가!C21:P21<>"")*(평가!C27:P27=평가!C21:P21))/SUMPRODUCT((평가!C27:P27<>"")*(평가!C21:P21<>"")),"") | R26: =IFERROR(SUMPRODUCT((평가!C27:P27<>"")*(평가!C22:P22<>"")*(평가!C27:P27=평가!C22:P22))/SUMPRODUCT((평가!C27:P27<>"")*(평가!C22:P22<>"")),"") | S26: =IFERROR(SUMPRODUCT((평가!C27:P27<>"")*(평가!C23:P23<>"")*(평가!C27:P27=평가!C23:P23))/SUMPRODUCT((평가!C27:P27<>"")*(평가!C23:P23<>"")),"") | T26: =IFERROR(SUMPRODUCT((평가!C27:P27<>"")*(평가!C24:P24<>"")*(평가!C27:P27=평가!C24:P24))/SUMPRODUCT((평가!C27:P27<>"")*(평가!C24:P24<>"")),"") | U26: =IFERROR(SUMPRODUCT((평가!C27:P27<>"")*(평가!C25:P25<>"")*(평가!C27:P27=평가!C25:P25))/SUMPRODUCT((평가!C27:P27<>"")*(평가!C25:P25<>"")),"") | V26: =IFERROR(SUMPRODUCT((평가!C27:P27<>"")*(평가!C26:P26<>"")*(평가!C27:P27=평가!C26:P26))/SUMPRODUCT((평가!C27:P27<>"")*(평가!C26:P26<>"")),"") | W26: ="-" | X26: =IFERROR(SUMPRODUCT((평가!C27:P27<>"")*(평가!C28:P28<>"")*(평가!C27:P27=평가!C28:P28))/SUMPRODUCT((평가!C27:P27<>"")*(평가!C28:P28<>"")),"") | Y26: =IFERROR(SUMPRODUCT((평가!C27:P27<>"")*(평가!C29:P29<>"")*(평가!C27:P27=평가!C29:P29))/SUMPRODUCT((평가!C27:P27<>"")*(평가!C29:P29<>"")),"")
A27: 응용통계학과 | B27: =IFERROR(SUMPRODUCT((평가!C28:P28<>"")*(평가!C6:P6<>"")*(평가!C28:P28=평가!C6:P6))/SUMPRODUCT((평가!C28:P28<>"")*(평가!C6:P6<>"")),"") | C27: =IFERROR(SUMPRODUCT((평가!C28:P28<>"")*(평가!C7:P7<>"")*(평가!C28:P28=평가!C7:P7))/SUMPRODUCT((평가!C28:P28<>"")*(평가!C7:P7<>"")),"") | D27: =IFERROR(SUMPRODUCT((평가!C28:P28<>"")*(평가!C8:P8<>"")*(평가!C28:P28=평가!C8:P8))/SUMPRODUCT((평가!C28:P28<>"")*(평가!C8:P8<>"")),"") | E27: =IFERROR(SUMPRODUCT((평가!C28:P28<>"")*(평가!C9:P9<>"")*(평가!C28:P28=평가!C9:P9))/SUMPRODUCT((평가!C28:P28<>"")*(평가!C9:P9<>"")),"") | F27: =IFERROR(SUMPRODUCT((평가!C28:P28<>"")*(평가!C10:P10<>"")*(평가!C28:P28=평가!C10:P10))/SUMPRODUCT((평가!C28:P28<>"")*(평가!C10:P10<>"")),"") | G27: =IFERROR(SUMPRODUCT((평가!C28:P28<>"")*(평가!C11:P11<>"")*(평가!C28:P28=평가!C11:P11))/SUMPRODUCT((평가!C28:P28<>"")*(평가!C11:P11<>"")),"") | H27: =IFERROR(SUMPRODUCT((평가!C28:P28<>"")*(평가!C12:P12<>"")*(평가!C28:P28=평가!C12:P12))/SUMPRODUCT((평가!C28:P28<>"")*(평가!C12:P12<>"")),"") | I27: =IFERROR(SUMPRODUCT((평가!C28:P28<>"")*(평가!C13:P13<>"")*(평가!C28:P28=평가!C13:P13))/SUMPRODUCT((평가!C28:P28<>"")*(평가!C13:P13<>"")),"") | J27: =IFERROR(SUMPRODUCT((평가!C28:P28<>"")*(평가!C14:P14<>"")*(평가!C28:P28=평가!C14:P14))/SUMPRODUCT((평가!C28:P28<>"")*(평가!C14:P14<>"")),"") | K27: =IFERROR(SUMPRODUCT((평가!C28:P28<>"")*(평가!C15:P15<>"")*(평가!C28:P28=평가!C15:P15))/SUMPRODUCT((평가!C28:P28<>"")*(평가!C15:P15<>"")),"") | L27: =IFERROR(SUMPRODUCT((평가!C28:P28<>"")*(평가!C16:P16<>"")*(평가!C28:P28=평가!C16:P16))/SUMPRODUCT((평가!C28:P28<>"")*(평가!C16:P16<>"")),"") | M27: =IFERROR(SUMPRODUCT((평가!C28:P28<>"")*(평가!C17:P17<>"")*(평가!C28:P28=평가!C17:P17))/SUMPRODUCT((평가!C28:P28<>"")*(평가!C17:P17<>"")),"") | N27: =IFERROR(SUMPRODUCT((평가!C28:P28<>"")*(평가!C18:P18<>"")*(평가!C28:P28=평가!C18:P18))/SUMPRODUCT((평가!C28:P28<>"")*(평가!C18:P18<>"")),"") | O27: =IFERROR(SUMPRODUCT((평가!C28:P28<>"")*(평가!C19:P19<>"")*(평가!C28:P28=평가!C19:P19))/SUMPRODUCT((평가!C28:P28<>"")*(평가!C19:P19<>"")),"") | P27: =IFERROR(SUMPRODUCT((평가!C28:P28<>"")*(평가!C20:P20<>"")*(평가!C28:P28=평가!C20:P20))/SUMPRODUCT((평가!C28:P28<>"")*(평가!C20:P20<>"")),"") | Q27: =IFERROR(SUMPRODUCT((평가!C28:P28<>"")*(평가!C21:P21<>"")*(평가!C28:P28=평가!C21:P21))/SUMPRODUCT((평가!C28:P28<>"")*(평가!C21:P21<>"")),"") | R27: =IFERROR(SUMPRODUCT((평가!C28:P28<>"")*(평가!C22:P22<>"")*(평가!C28:P28=평가!C22:P22))/SUMPRODUCT((평가!C28:P28<>"")*(평가!C22:P22<>"")),"") | S27: =IFERROR(SUMPRODUCT((평가!C28:P28<>"")*(평가!C23:P23<>"")*(평가!C28:P28=평가!C23:P23))/SUMPRODUCT((평가!C28:P28<>"")*(평가!C23:P23<>"")),"") | T27: =IFERROR(SUMPRODUCT((평가!C28:P28<>"")*(평가!C24:P24<>"")*(평가!C28:P28=평가!C24:P24))/SUMPRODUCT((평가!C28:P28<>"")*(평가!C24:P24<>"")),"") | U27: =IFERROR(SUMPRODUCT((평가!C28:P28<>"")*(평가!C25:P25<>"")*(평가!C28:P28=평가!C25:P25))/SUMPRODUCT((평가!C28:P28<>"")*(평가!C25:P25<>"")),"") | V27: =IFERROR(SUMPRODUCT((평가!C28:P28<>"")*(평가!C26:P26<>"")*(평가!C28:P28=평가!C26:P26))/SUMPRODUCT((평가!C28:P28<>"")*(평가!C26:P26<>"")),"") | W27: =IFERROR(SUMPRODUCT((평가!C28:P28<>"")*(평가!C27:P27<>"")*(평가!C28:P28=평가!C27:P27))/SUMPRODUCT((평가!C28:P28<>"")*(평가!C27:P27<>"")),"") | X27: ="-" | Y27: =IFERROR(SUMPRODUCT((평가!C28:P28<>"")*(평가!C29:P29<>"")*(평가!C28:P28=평가!C29:P29))/SUMPRODUCT((평가!C28:P28<>"")*(평가!C29:P29<>"")),"")
A28: 컴퓨터공학과 | B28: =IFERROR(SUMPRODUCT((평가!C29:P29<>"")*(평가!C6:P6<>"")*(평가!C29:P29=평가!C6:P6))/SUMPRODUCT((평가!C29:P29<>"")*(평가!C6:P6<>"")),"") | C28: =IFERROR(SUMPRODUCT((평가!C29:P29<>"")*(평가!C7:P7<>"")*(평가!C29:P29=평가!C7:P7))/SUMPRODUCT((평가!C29:P29<>"")*(평가!C7:P7<>"")),"") | D28: =IFERROR(SUMPRODUCT((평가!C29:P29<>"")*(평가!C8:P8<>"")*(평가!C29:P29=평가!C8:P8))/SUMPRODUCT((평가!C29:P29<>"")*(평가!C8:P8<>"")),"") | E28: =IFERROR(SUMPRODUCT((평가!C29:P29<>"")*(평가!C9:P9<>"")*(평가!C29:P29=평가!C9:P9))/SUMPRODUCT((평가!C29:P29<>"")*(평가!C9:P9<>"")),"") | F28: =IFERROR(SUMPRODUCT((평가!C29:P29<>"")*(평가!C10:P10<>"")*(평가!C29:P29=평가!C10:P10))/SUMPRODUCT((평가!C29:P29<>"")*(평가!C10:P10<>"")),"") | G28: =IFERROR(SUMPRODUCT((평가!C29:P29<>"")*(평가!C11:P11<>"")*(평가!C29:P29=평가!C11:P11))/SUMPRODUCT((평가!C29:P29<>"")*(평가!C11:P11<>"")),"") | H28: =IFERROR(SUMPRODUCT((평가!C29:P29<>"")*(평가!C12:P12<>"")*(평가!C29:P29=평가!C12:P12))/SUMPRODUCT((평가!C29:P29<>"")*(평가!C12:P12<>"")),"") | I28: =IFERROR(SUMPRODUCT((평가!C29:P29<>"")*(평가!C13:P13<>"")*(평가!C29:P29=평가!C13:P13))/SUMPRODUCT((평가!C29:P29<>"")*(평가!C13:P13<>"")),"") | J28: =IFERROR(SUMPRODUCT((평가!C29:P29<>"")*(평가!C14:P14<>"")*(평가!C29:P29=평가!C14:P14))/SUMPRODUCT((평가!C29:P29<>"")*(평가!C14:P14<>"")),"") | K28: =IFERROR(SUMPRODUCT((평가!C29:P29<>"")*(평가!C15:P15<>"")*(평가!C29:P29=평가!C15:P15))/SUMPRODUCT((평가!C29:P29<>"")*(평가!C15:P15<>"")),"") | L28: =IFERROR(SUMPRODUCT((평가!C29:P29<>"")*(평가!C16:P16<>"")*(평가!C29:P29=평가!C16:P16))/SUMPRODUCT((평가!C29:P29<>"")*(평가!C16:P16<>"")),"") | M28: =IFERROR(SUMPRODUCT((평가!C29:P29<>"")*(평가!C17:P17<>"")*(평가!C29:P29=평가!C17:P17))/SUMPRODUCT((평가!C29:P29<>"")*(평가!C17:P17<>"")),"") | N28: =IFERROR(SUMPRODUCT((평가!C29:P29<>"")*(평가!C18:P18<>"")*(평가!C29:P29=평가!C18:P18))/SUMPRODUCT((평가!C29:P29<>"")*(평가!C18:P18<>"")),"") | O28: =IFERROR(SUMPRODUCT((평가!C29:P29<>"")*(평가!C19:P19<>"")*(평가!C29:P29=평가!C19:P19))/SUMPRODUCT((평가!C29:P29<>"")*(평가!C19:P19<>"")),"") | P28: =IFERROR(SUMPRODUCT((평가!C29:P29<>"")*(평가!C20:P20<>"")*(평가!C29:P29=평가!C20:P20))/SUMPRODUCT((평가!C29:P29<>"")*(평가!C20:P20<>"")),"") | Q28: =IFERROR(SUMPRODUCT((평가!C29:P29<>"")*(평가!C21:P21<>"")*(평가!C29:P29=평가!C21:P21))/SUMPRODUCT((평가!C29:P29<>"")*(평가!C21:P21<>"")),"") | R28: =IFERROR(SUMPRODUCT((평가!C29:P29<>"")*(평가!C22:P22<>"")*(평가!C29:P29=평가!C22:P22))/SUMPRODUCT((평가!C29:P29<>"")*(평가!C22:P22<>"")),"") | S28: =IFERROR(SUMPRODUCT((평가!C29:P29<>"")*(평가!C23:P23<>"")*(평가!C29:P29=평가!C23:P23))/SUMPRODUCT((평가!C29:P29<>"")*(평가!C23:P23<>"")),"") | T28: =IFERROR(SUMPRODUCT((평가!C29:P29<>"")*(평가!C24:P24<>"")*(평가!C29:P29=평가!C24:P24))/SUMPRODUCT((평가!C29:P29<>"")*(평가!C24:P24<>"")),"") | U28: =IFERROR(SUMPRODUCT((평가!C29:P29<>"")*(평가!C25:P25<>"")*(평가!C29:P29=평가!C25:P25))/SUMPRODUCT((평가!C29:P29<>"")*(평가!C25:P25<>"")),"") | V28: =IFERROR(SUMPRODUCT((평가!C29:P29<>"")*(평가!C26:P26<>"")*(평가!C29:P29=평가!C26:P26))/SUMPRODUCT((평가!C29:P29<>"")*(평가!C26:P26<>"")),"") | W28: =IFERROR(SUMPRODUCT((평가!C29:P29<>"")*(평가!C27:P27<>"")*(평가!C29:P29=평가!C27:P27))/SUMPRODUCT((평가!C29:P29<>"")*(평가!C27:P27<>"")),"") | X28: =IFERROR(SUMPRODUCT((평가!C29:P29<>"")*(평가!C28:P28<>"")*(평가!C29:P29=평가!C28:P28))/SUMPRODUCT((평가!C29:P29<>"")*(평가!C28:P28<>"")),"") | Y28: ="-"

Sheet 학과상세_참고용
A1: 학과 상세 정보 (참고용 — 평가자는 가급적 열람하지 마세요)
A2: ⚠️ 이 시트의 "전통적 분류"는 평가 판단을 유도할 수 있습니다. 선생님의 독립적 직관 판단이 연구 목적상 가장 중요하므로, 정말 판단이 어려운 학과에 한해서만 열람해주시기 바랍니다.
A4: 번호 | B4: 학과명 | C4: 전통적 분류 | D4: 간단 설명
A5: 20 | B5: 간호학과 | C5: 의약 | D5: 간호 실무
A6: 1 | B6: 건축학과 | C6: 공학/예술 | D6: 건축 설계 (5년제 다수)
A7: 11 | B7: 경영학과 | C7: 사회 | D7: 기업경영, 마케팅, 재무
A8: 14 | B8: 경제학과 | C8: 사회 | D8: 경제 이론, 계량경제
A9: 2 | B9: 국어국문학과 | C9: 인문 | D9: 국어국문학 연구, 문학/언어학
A10: 4 | B10: 기계공학과 | C10: 공학 | D10: 기계 설계, 역학
A11: 18 | B11: 디자인학과 | C11: 예체능 | D11: 시각디자인, 산업디자인
A12: 16 | B12: 미디어커뮤니케이션학과 | C12: 사회/인문 | D12: 언론, 미디어, 홍보
A13: 22 | B13: 사학과 | C13: 인문 | D13: 역사 연구, 사료 분석
A14: 13 | B14: 사회학과 | C14: 사회 | D14: 사회구조/현상 연구
A15: 6 | B15: 산업공학과 | C15: 공학/사회 | D15: 산업시스템, 경영공학
A16: 15 | B16: 생명과학과 | C16: 자연 | D16: 생명 현상 연구
... A28: 5 | B28: 화학과 | C28: 자연 | D28: 순수 화학 연구, 화학 이론

Sheet 분석용_쌍데이터
A1: 분석용 학과쌍 데이터 — expert consensus와 알고리즘 유사도 병합용
A2: ※ F~H열은 평가 입력 후 자동 계산됩니다. I~K열에는 raw course similarity, text embedding similarity, 기존 분류 동일 여부를 나중에 붙이면 됩니다.
A3: pair_id | B3: Dept A | C3: Dept B | D3: Row A | E3: Row B | F3: Valid N | G3: Co-sorted N | H3: Expert consensus | I3: Course similarity | J3: Cluster co-membership | K3: Score difference | L3: Mismatch type | M3: Interpretation memo
A4: 1 | B4: 건축학과 | C4: 국어국문학과 | D4: 6 | E4: 7 | F4: =SUMPRODUCT(('평가'!C6:P6<>"")*('평가'!C7:P7<>"")) | G4: =SUMPRODUCT(('평가'!C6:P6<>"")*('평가'!C7:P7<>"")*('평가'!C6:P6='평가'!C7:P7)) | H4: =IF(F4=0,"",G4/F4)
A5: 2 | B5: 건축학과 | C5: 심리학과 | D5: 6 | E5: 8 | F5: =SUMPRODUCT(('평가'!C6:P6<>"")*('평가'!C8:P8<>"")) | G5: =SUMPRODUCT(('평가'!C6:P6<>"")*('평가'!C8:P8<>"")*('평가'!C6:P6='평가'!C8:P8)) | H5: =IF(F5=0,"",G5/F5)
A6: 3 | B6: 건축학과 | C6: 기계공학과 | D6: 6 | E6: 9 | F6: =SUMPRODUCT(('평가'!C6:P6<>"")*('평가'!C9:P9<>"")) | G6: =SUMPRODUCT(('평가'!C6:P6<>"")*('평가'!C9:P9<>"")*('평가'!C6:P6='평가'!C9:P9)) | H6: =IF(F6=0,"",G6/F6)
A7: 4 | B7: 건축학과 | C7: 화학과 | D7: 6 | E7: 10 | F7: =SUMPRODUCT(('평가'!C6:P6<>"")*('평가'!C10:P10<>"")) | G7: =SUMPRODUCT(('평가'!C6:P6<>"")*('평가'!C10:P10<>"")*('평가'!C6:P6='평가'!C10:P10)) | H7: =IF(F7=0,"",G7/F7)
A8: 5 | B8: 건축학과 | C8: 산업공학과 | D8: 6 | E8: 11 | F8: =SUMPRODUCT(('평가'!C6:P6<>"")*('평가'!C11:P11<>"")) | G8: =SUMPRODUCT(('평가'!C6:P6<>"")*('평가'!C11:P11<>"")*('평가'!C6:P6='평가'!C11:P11)) | H8: =IF(F8=0,"",G8/F8)
A9: 6 | B9: 건축학과 | C9: 신소재공학과 | D9: 6 | E9: 12 | F9: =SUMPRODUCT(('평가'!C6:P6<>"")*('평가'!C12:P12<>"")) | G9: =SUMPRODUCT(('평가'!C6:P6<>"")*('평가'!C12:P12<>"")*('평가'!C6:P6='평가'!C12:P12)) | H9: =IF(F9=0,"",G9/F9)
A10: 7 | B10: 건축학과 | C10: 조선해양공학과 | D10: 6 | E10: 13 | F10: =SUMPRODUCT(('평가'!C6:P6<>"")*('평가'!C13:P13<>"")) | G10: =SUMPRODUCT(('평가'!C6:P6<>"")*('평가'!C13:P13<>"")*('평가'!C6:P6='평가'!C13:P13)) | H10: =IF(F10=0,"",G10/F10)
A11: 8 | B11: 건축학과 | C11: 의예과 | D11: 6 | E11: 14 | F11: =SUMPRODUCT(('평가'!C6:P6<>"")*('평가'!C14:P14<>"")) | G11: =SUMPRODUCT(('평가'!C6:P6<>"")*('평가'!C14:P14<>"")*('평가'!C6:P6='평가'!C14:P14)) | H11: =IF(F11=0,"",G11/F11)
A12: 9 | B12: 건축학과 | C12: 수학과 | D12: 6 | E12: 15 | F12: =SUMPRODUCT(('평가'!C6:P6<>"")*('평가'!C15:P15<>"")) | G12: =SUMPRODUCT(('평가'!C6:P6<>"")*('평가'!C15:P15<>"")*('평가'!C6:P6='평가'!C15:P15)) | H12: =IF(F12=0,"",G12/F12)
A13: 10 | B13: 건축학과 | C13: 경영학과 | D13: 6 | E13: 16 | F13: =SUMPRODUCT(('평가'!C6:P6<>"")*('평가'!C16:P16<>"")) | G13: =SUMPRODUCT(('평가'!C6:P6<>"")*('평가'!C16:P16<>"")*('평가'!C6:P6='평가'!C16:P16)) | H13: =IF(F13=0,"",G13/F13)
A14: 11 | B14: 건축학과 | C14: 약학과 | D14: 6 | E14: 17 | F14: =SUMPRODUCT(('평가'!C6:P6<>"")*('평가'!C17:P17<>"")) | G14: =SUMPRODUCT(('평가'!C6:P6<>"")*('평가'!C17:P17<>"")*('평가'!C6:P6='평가'!C17:P17)) | H14: =IF(F14=0,"",G14/F14)
A15: 12 | B15: 건축학과 | C15: 사회학과 | D15: 6 | E15: 18 | F15: =SUMPRODUCT(('평가'!C6:P6<>"")*('평가'!C18:P18<>"")) | G15: =SUMPRODUCT(('평가'!C6:P6<>"")*('평가'!C18:P18<>"")*('평가'!C6:P6='평가'!C18:P18)) | H15: =IF(F15=0,"",G15/F15)
A16: 13 | B16: 건축학과 | C16: 경제학과 | D16: 6 | E16: 19 | F16: =SUMPRODUCT(('평가'!C6:P6<>"")*('평가'!C19:P19<>"")) | G16: =SUMPRODUCT(('평가'!C6:P6<>"")*('평가'!C19:P19<>"")*('평가'!C6:P6='평가'!C19:P19)) | H16: =IF(F16=0,"",G16/F16)
A17: 14 | B17: 건축학과 | C17: 생명과학과 | D17: 6 | E17: 20 | F17: =SUMPRODUCT(('평가'!C6:P6<>"")*('평가'!C20:P20<>"")) | G17: =SUMPRODUCT(('평가'!C6:P6<>"")*('평가'!C20:P20<>"")*('평가'!C6:P6='평가'!C20:P20)) | H17: =IF(F17=0,"",G17/F17)
A18: 15 | B18: 건축학과 | C18: 미디어커뮤니케이션학과 | D18: 6 | E18: 21 | F18: =SUMPRODUCT(('평가'!C6:P6<>"")*('평가'!C21:P21<>"")) | G18: =SUMPRODUCT(('평가'!C6:P6<>"")*('평가'!C21:P21<>"")*('평가'!C6:P6='평가'!C21:P21)) | H18: =IF(F18=0,"",G18/F18)
A19: 16 | B19: 건축학과 | C19: 화학공학과 | D19: 6 | E19: 22 | F19: =SUMPRODUCT(('평가'!C6:P6<>"")*('평가'!C22:P22<>"")) | G19: =SUMPRODUCT(('평가'!C6:P6<>"")*('평가'!C22:P22<>"")*('평가'!C6:P6='평가'!C22:P22)) | H19: =IF(F19=0,"",G19/F19)
A20: 17 | B20: 건축학과 | C20: 디자인학과 | D20: 6 | E20: 23 | F20: =SUMPRODUCT(('평가'!C6:P6<>"")*('평가'!C23:P23<>"")) | G20: =SUMPRODUCT(('평가'!C6:P6<>"")*('평가'!C23:P23<>"")*('평가'!C6:P6='평가'!C23:P23)) | H20: =IF(F20=0,"",G20/F20)
A21: 18 | B21: 건축학과 | C21: 식품영양학과 | D21: 6 | E21: 24 | F21: =SUMPRODUCT(('평가'!C6:P6<>"")*('평가'!C24:P24<>"")) | G21: =SUMPRODUCT(('평가'!C6:P6<>"")*('평가'!C24:P24<>"")*('평가'!C6:P6='평가'!C24:P24)) | H21: =IF(F21=0,"",G21/F21)
A22: 19 | B22: 건축학과 | C22: 간호학과 | D22: 6 | E22: 25 | F22: =SUMPRODUCT(('평가'!C6:P6<>"")*('평가'!C25:P25<>"")) | G22: =SUMPRODUCT(('평가'!C6:P6<>"")*('평가'!C25:P25<>"")*('평가'!C6:P6='평가'!C25:P25)) | H22: =IF(F22=0,"",G22/F22)
A23: 20 | B23: 건축학과 | C23: 전기전자공학과 | D23: 6 | E23: 26 | F23: =SUMPRODUCT(('평가'!C6:P6<>"")*('평가'!C26:P26<>"")) | G23: =SUMPRODUCT(('평가'!C6:P6<>"")*('평가'!C26:P26<>"")*('평가'!C6:P6='평가'!C26:P26)) | H23: =IF(F23=0,"",G23/F23)
A24: 21 | B24: 건축학과 | C24: 사학과 | D24: 6 | E24: 27 | F24: =SUMPRODUCT(('평가'!C6:P6<>"")*('평가'!C27:P27<>"")) | G24: =SUMPRODUCT(('평가'!C6:P6<>"")*('평가'!C27:P27<>"")*('평가'!C6:P6='평가'!C27:P27)) | H24: =IF(F24=0,"",G24/F24)
A25: 22 | B25: 건축학과 | C25: 응용통계학과 | D25: 6 | E25: 28 | F25: =SUMPRODUCT(('평가'!C6:P6<>"")*('평가'!C28:P28<>"")) | G25: =SUMPRODUCT(('평가'!C6:P6<>"")*('평가'!C28:P28<>"")*('평가'!C6:P6='평가'!C28:P28)) | H25: =IF(F25=0,"",G25/F25)
A26: 23 | B26: 건축학과 | C26: 컴퓨터공학과 | D26: 6 | E26: 29 | F26: =SUMPRODUCT(('평가'!C6:P6<>"")*('평가'!C29:P29<>"")) | G26: =SUMPRODUCT(('평가'!C6:P6<>"")*('평가'!C29:P29<>"")*('평가'!C6:P6='평가'!C29:P29)) | H26: =IF(F26=0,"",G26/F26)
A27: 24 | B27: 국어국문학과 | C27: 심리학과 | D27: 7 | E27: 8 | F27: =SUMPRODUCT(('평가'!C7:P7<>"")*('평가'!C8:P8<>"")) | G27: =SUMPRODUCT(('평가'!C7:P7<>"")*('평가'!C8:P8<>"")*('평가'!C7:P7='평가'!C8:P8)) | H27: =IF(F27=0,"",G27/F27)
A28: 25 | B28: 국어국문학과 | C28: 기계공학과 | D28: 7 | E28: 9 | F28: =SUMPRODUCT(('평가'!C7:P7<>"")*('평가'!C9:P9<>"")) | G28: =SUMPRODUCT(('평가'!C7:P7<>"")*('평가'!C9:P9<>"")*('평가'!C7:P7='평가'!C9:P9)) | H28: =IF(F28=0,"",G28/F28)
A29: 26 | B29: 국어국문학과 | C29: 화학과 | D29: 7 | E29: 10 | F29: =SUMPRODUCT(('평가'!C7:P7<>"")*('평가'!C10:P10<>"")) | G29: =SUMPRODUCT(('평가'!C7:P7<>"")*('평가'!C10:P10<>"")*('평가'!C7:P7='평가'!C10:P10)) | H29: =IF(F29=0,"",G29/F29)
A30: 27 | B30: 국어국문학과 | C30: 산업공학과 | D30: 7 | E30: 11 | F30: =SUMPRODUCT(('평가'!C7:P7<>"")*('평가'!C11:P11<>"")) | G30: =SUMPRODUCT(('평가'!C7:P7<>"")*('평가'!C11:P11<>"")*('평가'!C7:P7='평가'!C11:P11)) | H30: =IF(F30=0,"",G30/F30)
A31: 28 | B31: 국어국문학과 | C31: 신소재공학과 | D31: 7 | E31: 12 | F31: =SUMPRODUCT(('평가'!C7:P7<>"")*('평가'!C12:P12<>"")) | G31: =SUMPRODUCT(('평가'!C7:P7<>"")*('평가'!C12:P12<>"")*('평가'!C7:P7='평가'!C12:P12)) | H31: =IF(F31=0,"",G31/F31)
A32: 29 | B32: 국어국문학과 | C32: 조선해양공학과 | D32: 7 | E32: 13 | F32: =SUMPRODUCT(('평가'!C7:P7<>"")*('평가'!C13:P13<>"")) | G32: =SUMPRODUCT(('평가'!C7:P7<>"")*('평가'!C13:P13<>"")*('평가'!C7:P7='평가'!C13:P13)) | H32: =IF(F32=0,"",G32/F32)
A33: 30 | B33: 국어국문학과 | C33: 의예과 | D33: 7 | E33: 14 | F33: =SUMPRODUCT(('평가'!C7:P7<>"")*('평가'!C14:P14<>"")) | G33: =SUMPRODUCT(('평가'!C7:P7<>"")*('평가'!C14:P14<>"")*('평가'!C7:P7='평가'!C14:P14)) | H33: =IF(F33=0,"",G33/F33)
A34: 31 | B34: 국어국문학과 | C34: 수학과 | D34: 7 | E34: 15 | F34: =SUMPRODUCT(('평가'!C7:P7<>"")*('평가'!C15:P15<>"")) | G34: =SUMPRODUCT(('평가'!C7:P7<>"")*('평가'!C15:P15<>"")*('평가'!C7:P7='평가'!C15:P15)) | H34: =IF(F34=0,"",G34/F34)
A35: 32 | B35: 국어국문학과 | C35: 경영학과 | D35: 7 | E35: 16 | F35: =SUMPRODUCT(('평가'!C7:P7<>"")*('평가'!C16:P16<>"")) | G35: =SUMPRODUCT(('평가'!C7:P7<>"")*('평가'!C16:P16<>"")*('평가'!C7:P7='평가'!C16:P16)) | H35: =IF(F35=0,"",G35/F35)
A36: 33 | B36: 국어국문학과 | C36: 약학과 | D36: 7 | E36: 17 | F36: =SUMPRODUCT(('평가'!C7:P7<>"")*('평가'!C17:P17<>"")) | G36: =SUMPRODUCT(('평가'!C7:P7<>"")*('평가'!C17:P17<>"")*('평가'!C7:P7='평가'!C17:P17)) | H36: =IF(F36=0,"",G36/F36)
A37: 34 | B37: 국어국문학과 | C37: 사회학과 | D37: 7 | E37: 18 | F37: =SUMPRODUCT(('평가'!C7:P7<>"")*('평가'!C18:P18<>"")) | G37: =SUMPRODUCT(('평가'!C7:P7<>"")*('평가'!C18:P18<>"")*('평가'!C7:P7='평가'!C18:P18)) | H37: =IF(F37=0,"",G37/F37)
A38: 35 | B38: 국어국문학과 | C38: 경제학과 | D38: 7 | E38: 19 | F38: =SUMPRODUCT(('평가'!C7:P7<>"")*('평가'!C19:P19<>"")) | G38: =SUMPRODUCT(('평가'!C7:P7<>"")*('평가'!C19:P19<>"")*('평가'!C7:P7='평가'!C19:P19)) | H38: =IF(F38=0,"",G38/F38)
A39: 36 | B39: 국어국문학과 | C39: 생명과학과 | D39: 7 | E39: 20 | F39: =SUMPRODUCT(('평가'!C7:P7<>"")*('평가'!C20:P20<>"")) | G39: =SUMPRODUCT(('평가'!C7:P7<>"")*('평가'!C20:P20<>"")*('평가'!C7:P7='평가'!C20:P20)) | H39: =IF(F39=0,"",G39/F39)
A40: 37 | B40: 국어국문학과 | C40: 미디어커뮤니케이션학과 | D40: 7 | E40: 21 | F40: =SUMPRODUCT(('평가'!C7:P7<>"")*('평가'!C21:P21<>"")) | G40: =SUMPRODUCT(('평가'!C7:P7<>"")*('평가'!C21:P21<>"")*('평가'!C7:P7='평가'!C21:P21)) | H40: =IF(F40=0,"",G40/F40)
A41: 38 | B41: 국어국문학과 | C41: 화학공학과 | D41: 7 | E41: 22 | F41: =SUMPRODUCT(('평가'!C7:P7<>"")*('평가'!C22:P22<>"")) | G41: =SUMPRODUCT(('평가'!C7:P7<>"")*('평가'!C22:P22<>"")*('평가'!C7:P7='평가'!C22:P22)) | H41: =IF(F41=0,"",G41/F41)
A42: 39 | B42: 국어국문학과 | C42: 디자인학과 | D42: 7 | E42: 23 | F42: =SUMPRODUCT(('평가'!C7:P7<>"")*('평가'!C23:P23<>"")) | G42: =SUMPRODUCT(('평가'!C7:P7<>"")*('평가'!C23:P23<>"")*('평가'!C7:P7='평가'!C23:P23)) | H42: =IF(F42=0,"",G42/F42)
A43: 40 | B43: 국어국문학과 | C43: 식품영양학과 | D43: 7 | E43: 24 | F43: =SUMPRODUCT(('평가'!C7:P7<>"")*('평가'!C24:P24<>"")) | G43: =SUMPRODUCT(('평가'!C7:P7<>"")*('평가'!C24:P24<>"")*('평가'!C7:P7='평가'!C24:P24)) | H43: =IF(F43=0,"",G43/F43)
A44: 41 | B44: 국어국문학과 | C44: 간호학과 | D44: 7 | E44: 25 | F44: =SUMPRODUCT(('평가'!C7:P7<>"")*('평가'!C25:P25<>"")) | G44: =SUMPRODUCT(('평가'!C7:P7<>"")*('평가'!C25:P25<>"")*('평가'!C7:P7='평가'!C25:P25)) | H44: =IF(F44=0,"",G44/F44)
A45: 42 | B45: 국어국문학과 | C45: 전기전자공학과 | D45: 7 | E45: 26 | F45: =SUMPRODUCT(('평가'!C7:P7<>"")*('평가'!C26:P26<>"")) | G45: =SUMPRODUCT(('평가'!C7:P7<>"")*('평가'!C26:P26<>"")*('평가'!C7:P7='평가'!C26:P26)) | H45: =IF(F45=0,"",G45/F45)
A46: 43 | B46: 국어국문학과 | C46: 사학과 | D46: 7 | E46: 27 | F46: =SUMPRODUCT(('평가'!C7:P7<>"")*('평가'!C27:P27<>"")) | G46: =SUMPRODUCT(('평가'!C7:P7<>"")*('평가'!C27:P27<>"")*('평가'!C7:P7='평가'!C27:P27)) | H46: =IF(F46=0,"",G46/F46)
A47: 44 | B47: 국어국문학과 | C47: 응용통계학과 | D47: 7 | E47: 28 | F47: =SUMPRODUCT(('평가'!C7:P7<>"")*('평가'!C28:P28<>"")) | G47: =SUMPRODUCT(('평가'!C7:P7<>"")*('평가'!C28:P28<>"")*('평가'!C7:P7='평가'!C28:P28)) | H47: =IF(F47=0,"",G47/F47)
A48: 45 | B48: 국어국문학과 | C48: 컴퓨터공학과 | D48: 7 | E48: 29 | F48: =SUMPRODUCT(('평가'!C7:P7<>"")*('평가'!C29:P29<>"")) | G48: =SUMPRODUCT(('평가'!C7:P7<>"")*('평가'!C29:P29<>"")*('평가'!C7:P7='평가'!C29:P29)) | H48: =IF(F48=0,"",G48/F48)
A49: 46 | B49: 심리학과 | C49: 기계공학과 | D49: 8 | E49: 9 | F49: =SUMPRODUCT(('평가'!C8:P8<>"")*('평가'!C9:P9<>"")) | G49: =SUMPRODUCT(('평가'!C8:P8<>"")*('평가'!C9:P9<>"")*('평가'!C8:P8='평가'!C9:P9)) | H49: =IF(F49=0,"",G49/F49)
A50: 47 | B50: 심리학과 | C50: 화학과 | D50: 8 | E50: 10 | F50: =SUMPRODUCT(('평가'!C8:P8<>"")*('평가'!C10:P10<>"")) | G50: =SUMPRODUCT(('평가'!C8:P8<>"")*('평가'!C10:P10<>"")*('평가'!C8:P8='평가'!C10:P10)) | H50: =IF(F50=0,"",G50/F50)
A51: 48 | B51: 심리학과 | C51: 산업공학과 | D51: 8 | E51: 11 | F51: =SUMPRODUCT(('평가'!C8:P8<>"")*('평가'!C11:P11<>"")) | G51: =SUMPRODUCT(('평가'!C8:P8<>"")*('평가'!C11:P11<>"")*('평가'!C8:P8='평가'!C11:P11)) | H51: =IF(F51=0,"",G51/F51)
A52: 49 | B52: 심리학과 | C52: 신소재공학과 | D52: 8 | E52: 12 | F52: =SUMPRODUCT(('평가'!C8:P8<>"")*('평가'!C12:P12<>"")) | G52: =SUMPRODUCT(('평가'!C8:P8<>"")*('평가'!C12:P12<>"")*('평가'!C8:P8='평가'!C12:P12)) | H52: =IF(F52=0,"",G52/F52)
A53: 50 | B53: 심리학과 | C53: 조선해양공학과 | D53: 8 | E53: 13 | F53: =SUMPRODUCT(('평가'!C8:P8<>"")*('평가'!C13:P13<>"")) | G53: =SUMPRODUCT(('평가'!C8:P8<>"")*('평가'!C13:P13<>"")*('평가'!C8:P8='평가'!C13:P13)) | H53: =IF(F53=0,"",G53/F53)
A54: 51 | B54: 심리학과 | C54: 의예과 | D54: 8 | E54: 14 | F54: =SUMPRODUCT(('평가'!C8:P8<>"")*('평가'!C14:P14<>"")) | G54: =SUMPRODUCT(('평가'!C8:P8<>"")*('평가'!C14:P14<>"")*('평가'!C8:P8='평가'!C14:P14)) | H54: =IF(F54=0,"",G54/F54)
A55: 52 | B55: 심리학과 | C55: 수학과 | D55: 8 | E55: 15 | F55: =SUMPRODUCT(('평가'!C8:P8<>"")*('평가'!C15:P15<>"")) | G55: =SUMPRODUCT(('평가'!C8:P8<>"")*('평가'!C15:P15<>"")*('평가'!C8:P8='평가'!C15:P15)) | H55: =IF(F55=0,"",G55/F55)
A56: 53 | B56: 심리학과 | C56: 경영학과 | D56: 8 | E56: 16 | F56: =SUMPRODUCT(('평가'!C8:P8<>"")*('평가'!C16:P16<>"")) | G56: =SUMPRODUCT(('평가'!C8:P8<>"")*('평가'!C16:P16<>"")*('평가'!C8:P8='평가'!C16:P16)) | H56: =IF(F56=0,"",G56/F56)
A57: 54 | B57: 심리학과 | C57: 약학과 | D57: 8 | E57: 17 | F57: =SUMPRODUCT(('평가'!C8:P8<>"")*('평가'!C17:P17<>"")) | G57: =SUMPRODUCT(('평가'!C8:P8<>"")*('평가'!C17:P17<>"")*('평가'!C8:P8='평가'!C17:P17)) | H57: =IF(F57=0,"",G57/F57)
A58: 55 | B58: 심리학과 | C58: 사회학과 | D58: 8 | E58: 18 | F58: =SUMPRODUCT(('평가'!C8:P8<>"")*('평가'!C18:P18<>"")) | G58: =SUMPRODUCT(('평가'!C8:P8<>"")*('평가'!C18:P18<>"")*('평가'!C8:P8='평가'!C18:P18)) | H58: =IF(F58=0,"",G58/F58)
A59: 56 | B59: 심리학과 | C59: 경제학과 | D59: 8 | E59: 19 | F59: =SUMPRODUCT(('평가'!C8:P8<>"")*('평가'!C19:P19<>"")) | G59: =SUMPRODUCT(('평가'!C8:P8<>"")*('평가'!C19:P19<>"")*('평가'!C8:P8='평가'!C19:P19)) | H59: =IF(F59=0,"",G59/F59)
A60: 57 | B60: 심리학과 | C60: 생명과학과 | D60: 8 | E60: 20 | F60: =SUMPRODUCT(('평가'!C8:P8<>"")*('평가'!C20:P20<>"")) | G60: =SUMPRODUCT(('평가'!C8:P8<>"")*('평가'!C20:P20<>"")*('평가'!C8:P8='평가'!C20:P20)) | H60: =IF(F60=0,"",G60/F60)
A61: 58 | B61: 심리학과 | C61: 미디어커뮤니케이션학과 | D61: 8 | E61: 21 | F61: =SUMPRODUCT(('평가'!C8:P8<>"")*('평가'!C21:P21<>"")) | G61: =SUMPRODUCT(('평가'!C8:P8<>"")*('평가'!C21:P21<>"")*('평가'!C8:P8='평가'!C21:P21)) | H61: =IF(F61=0,"",G61/F61)
A62: 59 | B62: 심리학과 | C62: 화학공학과 | D62: 8 | E62: 22 | F62: =SUMPRODUCT(('평가'!C8:P8<>"")*('평가'!C22:P22<>"")) | G62: =SUMPRODUCT(('평가'!C8:P8<>"")*('평가'!C22:P22<>"")*('평가'!C8:P8='평가'!C22:P22)) | H62: =IF(F62=0,"",G62/F62)
A63: 60 | B63: 심리학과 | C63: 디자인학과 | D63: 8 | E63: 23 | F63: =SUMPRODUCT(('평가'!C8:P8<>"")*('평가'!C23:P23<>"")) | G63: =SUMPRODUCT(('평가'!C8:P8<>"")*('평가'!C23:P23<>"")*('평가'!C8:P8='평가'!C23:P23)) | H63: =IF(F63=0,"",G63/F63)
A64: 61 | B64: 심리학과 | C64: 식품영양학과 | D64: 8 | E64: 24 | F64: =SUMPRODUCT(('평가'!C8:P8<>"")*('평가'!C24:P24<>"")) | G64: =SUMPRODUCT(('평가'!C8:P8<>"")*('평가'!C24:P24<>"")*('평가'!C8:P8='평가'!C24:P24)) | H64: =IF(F64=0,"",G64/F64)
A65: 62 | B65: 심리학과 | C65: 간호학과 | D65: 8 | E65: 25 | F65: =SUMPRODUCT(('평가'!C8:P8<>"")*('평가'!C25:P25<>"")) | G65: =SUMPRODUCT(('평가'!C8:P8<>"")*('평가'!C25:P25<>"")*('평가'!C8:P8='평가'!C25:P25)) | H65: =IF(F65=0,"",G65/F65)
A66: 63 | B66: 심리학과 | C66: 전기전자공학과 | D66: 8 | E66: 26 | F66: =SUMPRODUCT(('평가'!C8:P8<>"")*('평가'!C26:P26<>"")) | G66: =SUMPRODUCT(('평가'!C8:P8<>"")*('평가'!C26:P26<>"")*('평가'!C8:P8='평가'!C26:P26)) | H66: =IF(F66=0,"",G66/F66)
A67: 64 | B67: 심리학과 | C67: 사학과 | D67: 8 | E67: 27 | F67: =SUMPRODUCT(('평가'!C8:P8<>"")*('평가'!C27:P27<>"")) | G67: =SUMPRODUCT(('평가'!C8:P8<>"")*('평가'!C27:P27<>"")*('평가'!C8:P8='평가'!C27:P27)) | H67: =IF(F67=0,"",G67/F67)
A68: 65 | B68: 심리학과 | C68: 응용통계학과 | D68: 8 | E68: 28 | F68: =SUMPRODUCT(('평가'!C8:P8<>"")*('평가'!C28:P28<>"")) | G68: =SUMPRODUCT(('평가'!C8:P8<>"")*('평가'!C28:P28<>"")*('평가'!C8:P8='평가'!C28:P28)) | H68: =IF(F68=0,"",G68/F68)
A69: 66 | B69: 심리학과 | C69: 컴퓨터공학과 | D69: 8 | E69: 29 | F69: =SUMPRODUCT(('평가'!C8:P8<>"")*('평가'!C29:P29<>"")) | G69: =SUMPRODUCT(('평가'!C8:P8<>"")*('평가'!C29:P29<>"")*('평가'!C8:P8='평가'!C29:P29)) | H69: =IF(F69=0,"",G69/F69)
A70: 67 | B70: 기계공학과 | C70: 화학과 | D70: 9 | E70: 10 | F70: =SUMPRODUCT(('평가'!C9:P9<>"")*('평가'!C10:P10<>"")) | G70: =SUMPRODUCT(('평가'!C9:P9<>"")*('평가'!C10:P10<>"")*('평가'!C9:P9='평가'!C10:P10)) | H70: =IF(F70=0,"",G70/F70)
A71: 68 | B71: 기계공학과 | C71: 산업공학과 | D71: 9 | E71: 11 | F71: =SUMPRODUCT(('평가'!C9:P9<>"")*('평가'!C11:P11<>"")) | G71: =SUMPRODUCT(('평가'!C9:P9<>"")*('평가'!C11:P11<>"")*('평가'!C9:P9='평가'!C11:P11)) | H71: =IF(F71=0,"",G71/F71)
A72: 69 | B72: 기계공학과 | C72: 신소재공학과 | D72: 9 | E72: 12 | F72: =SUMPRODUCT(('평가'!C9:P9<>"")*('평가'!C12:P12<>"")) | G72: =SUMPRODUCT(('평가'!C9:P9<>"")*('평가'!C12:P12<>"")*('평가'!C9:P9='평가'!C12:P12)) | H72: =IF(F72=0,"",G72/F72)
A73: 70 | B73: 기계공학과 | C73: 조선해양공학과 | D73: 9 | E73: 13 | F73: =SUMPRODUCT(('평가'!C9:P9<>"")*('평가'!C13:P13<>"")) | G73: =SUMPRODUCT(('평가'!C9:P9<>"")*('평가'!C13:P13<>"")*('평가'!C9:P9='평가'!C13:P13)) | H73: =IF(F73=0,"",G73/F73)
A74: 71 | B74: 기계공학과 | C74: 의예과 | D74: 9 | E74: 14 | F74: =SUMPRODUCT(('평가'!C9:P9<>"")*('평가'!C14:P14<>"")) | G74: =SUMPRODUCT(('평가'!C9:P9<>"")*('평가'!C14:P14<>"")*('평가'!C9:P9='평가'!C14:P14)) | H74: =IF(F74=0,"",G74/F74)
A75: 72 | B75: 기계공학과 | C75: 수학과 | D75: 9 | E75: 15 | F75: =SUMPRODUCT(('평가'!C9:P9<>"")*('평가'!C15:P15<>"")) | G75: =SUMPRODUCT(('평가'!C9:P9<>"")*('평가'!C15:P15<>"")*('평가'!C9:P9='평가'!C15:P15)) | H75: =IF(F75=0,"",G75/F75)
A76: 73 | B76: 기계공학과 | C76: 경영학과 | D76: 9 | E76: 16 | F76: =SUMPRODUCT(('평가'!C9:P9<>"")*('평가'!C16:P16<>"")) | G76: =SUMPRODUCT(('평가'!C9:P9<>"")*('평가'!C16:P16<>"")*('평가'!C9:P9='평가'!C16:P16)) | H76: =IF(F76=0,"",G76/F76)
A77: 74 | B77: 기계공학과 | C77: 약학과 | D77: 9 | E77: 17 | F77: =SUMPRODUCT(('평가'!C9:P9<>"")*('평가'!C17:P17<>"")) | G77: =SUMPRODUCT(('평가'!C9:P9<>"")*('평가'!C17:P17<>"")*('평가'!C9:P9='평가'!C17:P17)) | H77: =IF(F77=0,"",G77/F77)
A78: 75 | B78: 기계공학과 | C78: 사회학과 | D78: 9 | E78: 18 | F78: =SUMPRODUCT(('평가'!C9:P9<>"")*('평가'!C18:P18<>"")) | G78: =SUMPRODUCT(('평가'!C9:P9<>"")*('평가'!C18:P18<>"")*('평가'!C9:P9='평가'!C18:P18)) | H78: =IF(F78=0,"",G78/F78)
A79: 76 | B79: 기계공학과 | C79: 경제학과 | D79: 9 | E79: 19 | F79: =SUMPRODUCT(('평가'!C9:P9<>"")*('평가'!C19:P19<>"")) | G79: =SUMPRODUCT(('평가'!C9:P9<>"")*('평가'!C19:P19<>"")*('평가'!C9:P9='평가'!C19:P19)) | H79: =IF(F79=0,"",G79/F79)
A80: 77 | B80: 기계공학과 | C80: 생명과학과 | D80: 9 | E80: 20 | F80: =SUMPRODUCT(('평가'!C9:P9<>"")*('평가'!C20:P20<>"")) | G80: =SUMPRODUCT(('평가'!C9:P9<>"")*('평가'!C20:P20<>"")*('평가'!C9:P9='평가'!C20:P20)) | H80: =IF(F80=0,"",G80/F80)
A81: 78 | B81: 기계공학과 | C81: 미디어커뮤니케이션학과 | D81: 9 | E81: 21 | F81: =SUMPRODUCT(('평가'!C9:P9<>"")*('평가'!C21:P21<>"")) | G81: =SUMPRODUCT(('평가'!C9:P9<>"")*('평가'!C21:P21<>"")*('평가'!C9:P9='평가'!C21:P21)) | H81: =IF(F81=0,"",G81/F81)
A82: 79 | B82: 기계공학과 | C82: 화학공학과 | D82: 9 | E82: 22 | F82: =SUMPRODUCT(('평가'!C9:P9<>"")*('평가'!C22:P22<>"")) | G82: =SUMPRODUCT(('평가'!C9:P9<>"")*('평가'!C22:P22<>"")*('평가'!C9:P9='평가'!C22:P22)) | H82: =IF(F82=0,"",G82/F82)
A83: 80 | B83: 기계공학과 | C83: 디자인학과 | D83: 9 | E83: 23 | F83: =SUMPRODUCT(('평가'!C9:P9<>"")*('평가'!C23:P23<>"")) | G83: =SUMPRODUCT(('평가'!C9:P9<>"")*('평가'!C23:P23<>"")*('평가'!C9:P9='평가'!C23:P23)) | H83: =IF(F83=0,"",G83/F83)
A84: 81 | B84: 기계공학과 | C84: 식품영양학과 | D84: 9 | E84: 24 | F84: =SUMPRODUCT(('평가'!C9:P9<>"")*('평가'!C24:P24<>"")) | G84: =SUMPRODUCT(('평가'!C9:P9<>"")*('평가'!C24:P24<>"")*('평가'!C9:P9='평가'!C24:P24)) | H84: =IF(F84=0,"",G84/F84)
A85: 82 | B85: 기계공학과 | C85: 간호학과 | D85: 9 | E85: 25 | F85: =SUMPRODUCT(('평가'!C9:P9<>"")*('평가'!C25:P25<>"")) | G85: =SUMPRODUCT(('평가'!C9:P9<>"")*('평가'!C25:P25<>"")*('평가'!C9:P9='평가'!C25:P25)) | H85: =IF(F85=0,"",G85/F85)
A86: 83 | B86: 기계공학과 | C86: 전기전자공학과 | D86: 9 | E86: 26 | F86: =SUMPRODUCT(('평가'!C9:P9<>"")*('평가'!C26:P26<>"")) | G86: =SUMPRODUCT(('평가'!C9:P9<>"")*('평가'!C26:P26<>"")*('평가'!C9:P9='평가'!C26:P26)) | H86: =IF(F86=0,"",G86/F86)
A87: 84 | B87: 기계공학과 | C87: 사학과 | D87: 9 | E87: 27 | F87: =SUMPRODUCT(('평가'!C9:P9<>"")*('평가'!C27:P27<>"")) | G87: =SUMPRODUCT(('평가'!C9:P9<>"")*('평가'!C27:P27<>"")*('평가'!C9:P9='평가'!C27:P27)) | H87: =IF(F87=0,"",G87/F87)
A88: 85 | B88: 기계공학과 | C88: 응용통계학과 | D88: 9 | E88: 28 | F88: =SUMPRODUCT(('평가'!C9:P9<>"")*('평가'!C28:P28<>"")) | G88: =SUMPRODUCT(('평가'!C9:P9<>"")*('평가'!C28:P28<>"")*('평가'!C9:P9='평가'!C28:P28)) | H88: =IF(F88=0,"",G88/F88)
A89: 86 | B89: 기계공학과 | C89: 컴퓨터공학과 | D89: 9 | E89: 29 | F89: =SUMPRODUCT(('평가'!C9:P9<>"")*('평가'!C29:P29<>"")) | G89: =SUMPRODUCT(('평가'!C9:P9<>"")*('평가'!C29:P29<>"")*('평가'!C9:P9='평가'!C29:P29)) | H89: =IF(F89=0,"",G89/F89)
A90: 87 | B90: 화학과 | C90: 산업공학과 | D90: 10 | E90: 11 | F90: =SUMPRODUCT(('평가'!C10:P10<>"")*('평가'!C11:P11<>"")) | G90: =SUMPRODUCT(('평가'!C10:P10<>"")*('평가'!C11:P11<>"")*('평가'!C10:P10='평가'!C11:P11)) | H90: =IF(F90=0,"",G90/F90)
A91: 88 | B91: 화학과 | C91: 신소재공학과 | D91: 10 | E91: 12 | F91: =SUMPRODUCT(('평가'!C10:P10<>"")*('평가'!C12:P12<>"")) | G91: =SUMPRODUCT(('평가'!C10:P10<>"")*('평가'!C12:P12<>"")*('평가'!C10:P10='평가'!C12:P12)) | H91: =IF(F91=0,"",G91/F91)
A92: 89 | B92: 화학과 | C92: 조선해양공학과 | D92: 10 | E92: 13 | F92: =SUMPRODUCT(('평가'!C10:P10<>"")*('평가'!C13:P13<>"")) | G92: =SUMPRODUCT(('평가'!C10:P10<>"")*('평가'!C13:P13<>"")*('평가'!C10:P10='평가'!C13:P13)) | H92: =IF(F92=0,"",G92/F92)
A93: 90 | B93: 화학과 | C93: 의예과 | D93: 10 | E93: 14 | F93: =SUMPRODUCT(('평가'!C10:P10<>"")*('평가'!C14:P14<>"")) | G93: =SUMPRODUCT(('평가'!C10:P10<>"")*('평가'!C14:P14<>"")*('평가'!C10:P10='평가'!C14:P14)) | H93: =IF(F93=0,"",G93/F93)
A94: 91 | B94: 화학과 | C94: 수학과 | D94: 10 | E94: 15 | F94: =SUMPRODUCT(('평가'!C10:P10<>"")*('평가'!C15:P15<>"")) | G94: =SUMPRODUCT(('평가'!C10:P10<>"")*('평가'!C15:P15<>"")*('평가'!C10:P10='평가'!C15:P15)) | H94: =IF(F94=0,"",G94/F94)
A95: 92 | B95: 화학과 | C95: 경영학과 | D95: 10 | E95: 16 | F95: =SUMPRODUCT(('평가'!C10:P10<>"")*('평가'!C16:P16<>"")) | G95: =SUMPRODUCT(('평가'!C10:P10<>"")*('평가'!C16:P16<>"")*('평가'!C10:P10='평가'!C16:P16)) | H95: =IF(F95=0,"",G95/F95)
A96: 93 | B96: 화학과 | C96: 약학과 | D96: 10 | E96: 17 | F96: =SUMPRODUCT(('평가'!C10:P10<>"")*('평가'!C17:P17<>"")) | G96: =SUMPRODUCT(('평가'!C10:P10<>"")*('평가'!C17:P17<>"")*('평가'!C10:P10='평가'!C17:P17)) | H96: =IF(F96=0,"",G96/F96)
A97: 94 | B97: 화학과 | C97: 사회학과 | D97: 10 | E97: 18 | F97: =SUMPRODUCT(('평가'!C10:P10<>"")*('평가'!C18:P18<>"")) | G97: =SUMPRODUCT(('평가'!C10:P10<>"")*('평가'!C18:P18<>"")*('평가'!C10:P10='평가'!C18:P18)) | H97: =IF(F97=0,"",G97/F97)
A98: 95 | B98: 화학과 | C98: 경제학과 | D98: 10 | E98: 19 | F98: =SUMPRODUCT(('평가'!C10:P10<>"")*('평가'!C19:P19<>"")) | G98: =SUMPRODUCT(('평가'!C10:P10<>"")*('평가'!C19:P19<>"")*('평가'!C10:P10='평가'!C19:P19)) | H98: =IF(F98=0,"",G98/F98)
A99: 96 | B99: 화학과 | C99: 생명과학과 | D99: 10 | E99: 20 | F99: =SUMPRODUCT(('평가'!C10:P10<>"")*('평가'!C20:P20<>"")) | G99: =SUMPRODUCT(('평가'!C10:P10<>"")*('평가'!C20:P20<>"")*('평가'!C10:P10='평가'!C20:P20)) | H99: =IF(F99=0,"",G99/F99)
A100: 97 | B100: 화학과 | C100: 미디어커뮤니케이션학과 | D100: 10 | E100: 21 | F100: =SUMPRODUCT(('평가'!C10:P10<>"")*('평가'!C21:P21<>"")) | G100: =SUMPRODUCT(('평가'!C10:P10<>"")*('평가'!C21:P21<>"")*('평가'!C10:P10='평가'!C21:P21)) | H100: =IF(F100=0,"",G100/F100)
...

Sheet Response_QA
A1: Respondent | B1: Filled depts | C1: Used groups | D1: Largest group | E1: Check note | F1: Group 1 | G1: Group 2 | H1: Group 3 | I1: Group 4 | J1: Group 5 | K1: Group 6 | L1: Group 7 | M1: Group 8 | N1: Group 9 | O1: Group 10 | P1: Group 11 | Q1: Group 12 | R1: Group 13 | S1: Group 14 | T1: Group 15 | U1: Group 16 | V1: Group 17 | W1: Group 18 | X1: Group 19 | Y1: Group 20 | Z1: Group 21 | AA1: Group 22 | AB1: Group 23 | AC1: Group 24
A2: 담임1 | B2: =COUNT('평가'!C6:C29) | C2: =COUNTIF(F2:AC2,">0") | D2: =MAX(F2:AC2) | E2: =IF(B2=0,"no response yet",IF(B2<24,"missing depts",IF(C2=1,"all one group?",IF(C2>18,"too many groups?","OK")))) | F2: =COUNTIF('평가'!$C$6:$C$29,1) | G2: =COUNTIF('평가'!$C$6:$C$29,2) | H2: =COUNTIF('평가'!$C$6:$C$29,3) | I2: =COUNTIF('평가'!$C$6:$C$29,4) | J2: =COUNTIF('평가'!$C$6:$C$29,5) | K2: =COUNTIF('평가'!$C$6:$C$29,6) | L2: =COUNTIF('평가'!$C$6:$C$29,7) | M2: =COUNTIF('평가'!$C$6:$C$29,8) | N2: =COUNTIF('평가'!$C$6:$C$29,9) | O2: =COUNTIF('평가'!$C$6:$C$29,10) | P2: =COUNTIF('평가'!$C$6:$C$29,11) | Q2: =COUNTIF('평가'!$C$6:$C$29,12) | R2: =COUNTIF('평가'!$C$6:$C$29,13) | S2: =COUNTIF('평가'!$C$6:$C$29,14) | T2: =COUNTIF('평가'!$C$6:$C$29,15) | U2: =COUNTIF('평가'!$C$6:$C$29,16) | V2: =COUNTIF('평가'!$C$6:$C$29,17) | W2: =COUNTIF('평가'!$C$6:$C$29,18) | X2: =COUNTIF('평가'!$C$6:$C$29,19) | Y2: =COUNTIF('평가'!$C$6:$C$29,20) | Z2: =COUNTIF('평가'!$C$6:$C$29,21) | AA2: =COUNTIF('평가'!$C$6:$C$29,22) | AB2: =COUNTIF('평가'!$C$6:$C$29,23) | AC2: =COUNTIF('평가'!$C$6:$C$29,24)
A3: 담임2 | B3: =COUNT('평가'!D6:D29) | C3: =COUNTIF(F3:AC3,">0") | D3: =MAX(F3:AC3) | E3: =IF(B3=0,"no response yet",IF(B3<24,"missing depts",IF(C3=1,"all one group?",IF(C3>18,"too many groups?","OK")))) | F3: =COUNTIF('평가'!$D$6:$D$29,1) | G3: =COUNTIF('평가'!$D$6:$D$29,2) | H3: =COUNTIF('평가'!$D$6:$D$29,3) | I3: =COUNTIF('평가'!$D$6:$D$29,4) | J3: =COUNTIF('평가'!$D$6:$D$29,5) | K3: =COUNTIF('평가'!$D$6:$D$29,6) | L3: =COUNTIF('평가'!$D$6:$D$29,7) | M3: =COUNTIF('평가'!$D$6:$D$29,8) | N3: =COUNTIF('평가'!$D$6:$D$29,9) | O3: =COUNTIF('평가'!$D$6:$D$29,10) | P3: =COUNTIF('평가'!$D$6:$D$29,11) | Q3: =COUNTIF('평가'!$D$6:$D$29,12) | R3: =COUNTIF('평가'!$D$6:$D$29,13) | S3: =COUNTIF('평가'!$D$6:$D$29,14) | T3: =COUNTIF('평가'!$D$6:$D$29,15) | U3: =COUNTIF('평가'!$D$6:$D$29,16) | V3: =COUNTIF('평가'!$D$6:$D$29,17) | W3: =COUNTIF('평가'!$D$6:$D$29,18) | X3: =COUNTIF('평가'!$D$6:$D$29,19) | Y3: =COUNTIF('평가'!$D$6:$D$29,20) | Z3: =COUNTIF('평가'!$D$6:$D$29,21) | AA3: =COUNTIF('평가'!$D$6:$D$29,22) | AB3: =COUNTIF('평가'!$D$6:$D$29,23) | AC3: =COUNTIF('평가'!$D$6:$D$29,24)
A4: 담임3 | B4: =COUNT('평가'!E6:E29) | C4: =COUNTIF(F4:AC4,">0") | D4: =MAX(F4:AC4) | E4: =IF(B4=0,"no response yet",IF(B4<24,"missing depts",IF(C4=1,"all one group?",IF(C4>18,"too many groups?","OK")))) | F4: =COUNTIF('평가'!$E$6:$E$29,1) | G4: =COUNTIF('평가'!$E$6:$E$29,2) | H4: =COUNTIF('평가'!$E$6:$E$29,3) | I4: =COUNTIF('평가'!$E$6:$E$29,4) | J4: =COUNTIF('평가'!$E$6:$E$29,5) | K4: =COUNTIF('평가'!$E$6:$E$29,6) | L4: =COUNTIF('평가'!$E$6:$E$29,7) | M4: =COUNTIF('평가'!$E$6:$E$29,8) | N4: =COUNTIF('평가'!$E$6:$E$29,9) | O4: =COUNTIF('평가'!$E$6:$E$29,10) | P4: =COUNTIF('평가'!$E$6:$E$29,11) | Q4: =COUNTIF('평가'!$E$6:$E$29,12) | R4: =COUNTIF('평가'!$E$6:$E$29,13) | S4: =COUNTIF('평가'!$E$6:$E$29,14) | T4: =COUNTIF('평가'!$E$6:$E$29,15) | U4: =COUNTIF('평가'!$E$6:$E$29,16) | V4: =COUNTIF('평가'!$E$6:$E$29,17) | W4: =COUNTIF('평가'!$E$6:$E$29,18) | X4: =COUNTIF('평가'!$E$6:$E$29,19) | Y4: =COUNTIF('평가'!$E$6:$E$29,20) | Z4: =COUNTIF('평가'!$E$6:$E$29,21) | AA4: =COUNTIF('평가'!$E$6:$E$29,22) | AB4: =COUNTIF('평가'!$E$6:$E$29,23) | AC4: =COUNTIF('평가'!$E$6:$E$29,24)
A5: 담임4 | B5: =COUNT('평가'!F6:F29) | C5: =COUNTIF(F5:AC5,">0") | D5: =MAX(F5:AC5) | E5: =IF(B5=0,"no response yet",IF(B5<24,"missing depts",IF(C5=1,"all one group?",IF(C5>18,"too many groups?","OK")))) | F5: =COUNTIF('평가'!$F$6:$F$29,1) | G5: =COUNTIF('평가'!$F$6:$F$29,2) | H5: =COUNTIF('평가'!$F$6:$F$29,3) | I5: =COUNTIF('평가'!$F$6:$F$29,4) | J5: =COUNTIF('평가'!$F$6:$F$29,5) | K5: =COUNTIF('평가'!$F$6:$F$29,6) | L5: =COUNTIF('평가'!$F$6:$F$29,7) | M5: =COUNTIF('평가'!$F$6:$F$29,8) | N5: =COUNTIF('평가'!$F$6:$F$29,9) | O5: =COUNTIF('평가'!$F$6:$F$29,10) | P5: =COUNTIF('평가'!$F$6:$F$29,11) | Q5: =COUNTIF('평가'!$F$6:$F$29,12) | R5: =COUNTIF('평가'!$F$6:$F$29,13) | S5: =COUNTIF('평가'!$F$6:$F$29,14) | T5: =COUNTIF('평가'!$F$6:$F$29,15) | U5: =COUNTIF('평가'!$F$6:$F$29,16) | V5: =COUNTIF('평가'!$F$6:$F$29,17) | W5: =COUNTIF('평가'!$F$6:$F$29,18) | X5: =COUNTIF('평가'!$F$6:$F$29,19) | Y5: =COUNTIF('평가'!$F$6:$F$29,20) | Z5: =COUNTIF('평가'!$F$6:$F$29,21) | AA5: =COUNTIF('평가'!$F$6:$F$29,22) | AB5: =COUNTIF('평가'!$F$6:$F$29,23) | AC5: =COUNTIF('평가'!$F$6:$F$29,24)
A6: 담임5 | B6: =COUNT('평가'!G6:G29) | C6: =COUNTIF(F6:AC6,">0") | D6: =MAX(F6:AC6) | E6: =IF(B6=0,"no response yet",IF(B6<24,"missing depts",IF(C6=1,"all one group?",IF(C6>18,"too many groups?","OK")))) | F6: =COUNTIF('평가'!$G$6:$G$29,1) | G6: =COUNTIF('평가'!$G$6:$G$29,2) | H6: =COUNTIF('평가'!$G$6:$G$29,3) | I6: =COUNTIF('평가'!$G$6:$G$29,4) | J6: =COUNTIF('평가'!$G$6:$G$29,5) | K6: =COUNTIF('평가'!$G$6:$G$29,6) | L6: =COUNTIF('평가'!$G$6:$G$29,7) | M6: =COUNTIF('평가'!$G$6:$G$29,8) | N6: =COUNTIF('평가'!$G$6:$G$29,9) | O6: =COUNTIF('평가'!$G$6:$G$29,10) | P6: =COUNTIF('평가'!$G$6:$G$29,11) | Q6: =COUNTIF('평가'!$G$6:$G$29,12) | R6: =COUNTIF('평가'!$G$6:$G$29,13) | S6: =COUNTIF('평가'!$G$6:$G$29,14) | T6: =COUNTIF('평가'!$G$6:$G$29,15) | U6: =COUNTIF('평가'!$G$6:$G$29,16) | V6: =COUNTIF('평가'!$G$6:$G$29,17) | W6: =COUNTIF('평가'!$G$6:$G$29,18) | X6: =COUNTIF('평가'!$G$6:$G$29,19) | Y6: =COUNTIF('평가'!$G$6:$G$29,20) | Z6: =COUNTIF('평가'!$G$6:$G$29,21) | AA6: =COUNTIF('평가'!$G$6:$G$29,22) | AB6: =COUNTIF('평가'!$G$6:$G$29,23) | AC6: =COUNTIF('평가'!$G$6:$G$29,24)
A7: 담임6 | B7: =COUNT('평가'!H6:H29) | C7: =COUNTIF(F7:AC7,">0") | D7: =MAX(F7:AC7) | E7: =IF(B7=0,"no response yet",IF(B7<24,"missing depts",IF(C7=1,"all one group?",IF(C7>18,"too many groups?","OK")))) | F7: =COUNTIF('평가'!$H$6:$H$29,1) | G7: =COUNTIF('평가'!$H$6:$H$29,2) | H7: =COUNTIF('평가'!$H$6:$H$29,3) | I7: =COUNTIF('평가'!$H$6:$H$29,4) | J7: =COUNTIF('평가'!$H$6:$H$29,5) | K7: =COUNTIF('평가'!$H$6:$H$29,6) | L7: =COUNTIF('평가'!$H$6:$H$29,7) | M7: =COUNTIF('평가'!$H$6:$H$29,8) | N7: =COUNTIF('평가'!$H$6:$H$29,9) | O7: =COUNTIF('평가'!$H$6:$H$29,10) | P7: =COUNTIF('평가'!$H$6:$H$29,11) | Q7: =COUNTIF('평가'!$H$6:$H$29,12) | R7: =COUNTIF('평가'!$H$6:$H$29,13) | S7: =COUNTIF('평가'!$H$6:$H$29,14) | T7: =COUNTIF('평가'!$H$6:$H$29,15) | U7: =COUNTIF('평가'!$H$6:$H$29,16) | V7: =COUNTIF('평가'!$H$6:$H$29,17) | W7: =COUNTIF('평가'!$H$6:$H$29,18) | X7: =COUNTIF('평가'!$H$6:$H$29,19) | Y7: =COUNTIF('평가'!$H$6:$H$29,20) | Z7: =COUNTIF('평가'!$H$6:$H$29,21) | AA7: =COUNTIF('평가'!$H$6:$H$29,22) | AB7: =COUNTIF('평가'!$H$6:$H$29,23) | AC7: =COUNTIF('평가'!$H$6:$H$29,24)
A8: 담임7 | B8: =COUNT('평가'!I6:I29) | C8: =COUNTIF(F8:AC8,">0") | D8: =MAX(F8:AC8) | E8: =IF(B8=0,"no response yet",IF(B8<24,"missing depts",IF(C8=1,"all one group?",IF(C8>18,"too many groups?","OK")))) | F8: =COUNTIF('평가'!$I$6:$I$29,1) | G8: =COUNTIF('평가'!$I$6:$I$29,2) | H8: =COUNTIF('평가'!$I$6:$I$29,3) | I8: =COUNTIF('평가'!$I$6:$I$29,4) | J8: =COUNTIF('평가'!$I$6:$I$29,5) | K8: =COUNTIF('평가'!$I$6:$I$29,6) | L8: =COUNTIF('평가'!$I$6:$I$29,7) | M8: =COUNTIF('평가'!$I$6:$I$29,8) | N8: =COUNTIF('평가'!$I$6:$I$29,9) | O8: =COUNTIF('평가'!$I$6:$I$29,10) | P8: =COUNTIF('평가'!$I$6:$I$29,11) | Q8: =COUNTIF('평가'!$I$6:$I$29,12) | R8: =COUNTIF('평가'!$I$6:$I$29,13) | S8: =COUNTIF('평가'!$I$6:$I$29,14) | T8: =COUNTIF('평가'!$I$6:$I$29,15) | U8: =COUNTIF('평가'!$I$6:$I$29,16) | V8: =COUNTIF('평가'!$I$6:$I$29,17) | W8: =COUNTIF('평가'!$I$6:$I$29,18) | X8: =COUNTIF('평가'!$I$6:$I$29,19) | Y8: =COUNTIF('평가'!$I$6:$I$29,20) | Z8: =COUNTIF('평가'!$I$6:$I$29,21) | AA8: =COUNTIF('평가'!$I$6:$I$29,22) | AB8: =COUNTIF('평가'!$I$6:$I$29,23) | AC8: =COUNTIF('평가'!$I$6:$I$29,24)
A9: 담임8 | B9: =COUNT('평가'!J6:J29) | C9: =COUNTIF(F9:AC9,">0") | D9: =MAX(F9:AC9) | E9: =IF(B9=0,"no response yet",IF(B9<24,"missing depts",IF(C9=1,"all one group?",IF(C9>18,"too many groups?","OK")))) | F9: =COUNTIF('평가'!$J$6:$J$29,1) | G9: =COUNTIF('평가'!$J$6:$J$29,2) | H9: =COUNTIF('평가'!$J$6:$J$29,3) | I9: =COUNTIF('평가'!$J$6:$J$29,4) | J9: =COUNTIF('평가'!$J$6:$J$29,5) | K9: =COUNTIF('평가'!$J$6:$J$29,6) | L9: =COUNTIF('평가'!$J$6:$J$29,7) | M9: =COUNTIF('평가'!$J$6:$J$29,8) | N9: =COUNTIF('평가'!$J$6:$J$29,9) | O9: =COUNTIF('평가'!$J$6:$J$29,10) | P9: =COUNTIF('평가'!$J$6:$J$29,11) | Q9: =COUNTIF('평가'!$J$6:$J$29,12) | R9: =COUNTIF('평가'!$J$6:$J$29,13) | S9: =COUNTIF('평가'!$J$6:$J$29,14) | T9: =COUNTIF('평가'!$J$6:$J$29,15) | U9: =COUNTIF('평가'!$J$6:$J$29,16) | V9: =COUNTIF('평가'!$J$6:$J$29,17) | W9: =COUNTIF('평가'!$J$6:$J$29,18) | X9: =COUNTIF('평가'!$J$6:$J$29,19) | Y9: =COUNTIF('평가'!$J$6:$J$29,20) | Z9: =COUNTIF('평가'!$J$6:$J$29,21) | AA9: =COUNTIF('평가'!$J$6:$J$29,22) | AB9: =COUNTIF('평가'!$J$6:$J$29,23) | AC9: =COUNTIF('평가'!$J$6:$J$29,24)
A10: 담임9 | B10: =COUNT('평가'!K6:K29) | C10: =COUNTIF(F10:AC10,">0") | D10: =MAX(F10:AC10) | E10: =IF(B10=0,"no response yet",IF(B10<24,"missing depts",IF(C10=1,"all one group?",IF(C10>18,"too many groups?","OK")))) | F10: =COUNTIF('평가'!$K$6:$K$29,1) | G10: =COUNTIF('평가'!$K$6:$K$29,2) | H10: =COUNTIF('평가'!$K$6:$K$29,3) | I10: =COUNTIF('평가'!$K$6:$K$29,4) | J10: =COUNTIF('평가'!$K$6:$K$29,5) | K10: =COUNTIF('평가'!$K$6:$K$29,6) | L10: =COUNTIF('평가'!$K$6:$K$29,7) | M10: =COUNTIF('평가'!$K$6:$K$29,8) | N10: =COUNTIF('평가'!$K$6:$K$29,9) | O10: =COUNTIF('평가'!$K$6:$K$29,10) | P10: =COUNTIF('평가'!$K$6:$K$29,11) | Q10: =COUNTIF('평가'!$K$6:$K$29,12) | R10: =COUNTIF('평가'!$K$6:$K$29,13) | S10: =COUNTIF('평가'!$K$6:$K$29,14) | T10: =COUNTIF('평가'!$K$6:$K$29,15) | U10: =COUNTIF('평가'!$K$6:$K$29,16) | V10: =COUNTIF('평가'!$K$6:$K$29,17) | W10: =COUNTIF('평가'!$K$6:$K$29,18) | X10: =COUNTIF('평가'!$K$6:$K$29,19) | Y10: =COUNTIF('평가'!$K$6:$K$29,20) | Z10: =COUNTIF('평가'!$K$6:$K$29,21) | AA10: =COUNTIF('평가'!$K$6:$K$29,22) | AB10: =COUNTIF('평가'!$K$6:$K$29,23) | AC10: =COUNTIF('평가'!$K$6:$K$29,24)
A11: 담임10 | B11: =COUNT('평가'!L6:L29) | C11: =COUNTIF(F11:AC11,">0") | D11: =MAX(F11:AC11) | E11: =IF(B11=0,"no response yet",IF(B11<24,"missing depts",IF(C11=1,"all one group?",IF(C11>18,"too many groups?","OK")))) | F11: =COUNTIF('평가'!$L$6:$L$29,1) | G11: =COUNTIF('평가'!$L$6:$L$29,2) | H11: =COUNTIF('평가'!$L$6:$L$29,3) | I11: =COUNTIF('평가'!$L$6:$L$29,4) | J11: =COUNTIF('평가'!$L$6:$L$29,5) | K11: =COUNTIF('평가'!$L$6:$L$29,6) | L11: =COUNTIF('평가'!$L$6:$L$29,7) | M11: =COUNTIF('평가'!$L$6:$L$29,8) | N11: =COUNTIF('평가'!$L$6:$L$29,9) | O11: =COUNTIF('평가'!$L$6:$L$29,10) | P11: =COUNTIF('평가'!$L$6:$L$29,11) | Q11: =COUNTIF('평가'!$L$6:$L$29,12) | R11: =COUNTIF('평가'!$L$6:$L$29,13) | S11: =COUNTIF('평가'!$L$6:$L$29,14) | T11: =COUNTIF('평가'!$L$6:$L$29,15) | U11: =COUNTIF('평가'!$L$6:$L$29,16) | V11: =COUNTIF('평가'!$L$6:$L$29,17) | W11: =COUNTIF('평가'!$L$6:$L$29,18) | X11: =COUNTIF('평가'!$L$6:$L$29,19) | Y11: =COUNTIF('평가'!$L$6:$L$29,20) | Z11: =COUNTIF('평가'!$L$6:$L$29,21) | AA11: =COUNTIF('평가'!$L$6:$L$29,22) | AB11: =COUNTIF('평가'!$L$6:$L$29,23) | AC11: =COUNTIF('평가'!$L$6:$L$29,24)
A12: 담임11 | B12: =COUNT('평가'!M6:M29) | C12: =COUNTIF(F12:AC12,">0") | D12: =MAX(F12:AC12) | E12: =IF(B12=0,"no response yet",IF(B12<24,"missing depts",IF(C12=1,"all one group?",IF(C12>18,"too many groups?","OK")))) | F12: =COUNTIF('평가'!$M$6:$M$29,1) | G12: =COUNTIF('평가'!$M$6:$M$29,2) | H12: =COUNTIF('평가'!$M$6:$M$29,3) | I12: =COUNTIF('평가'!$M$6:$M$29,4) | J12: =COUNTIF('평가'!$M$6:$M$29,5) | K12: =COUNTIF('평가'!$M$6:$M$29,6) | L12: =COUNTIF('평가'!$M$6:$M$29,7) | M12: =COUNTIF('평가'!$M$6:$M$29,8) | N12: =COUNTIF('평가'!$M$6:$M$29,9) | O12: =COUNTIF('평가'!$M$6:$M$29,10) | P12: =COUNTIF('평가'!$M$6:$M$29,11) | Q12: =COUNTIF('평가'!$M$6:$M$29,12) | R12: =COUNTIF('평가'!$M$6:$M$29,13) | S12: =COUNTIF('평가'!$M$6:$M$29,14) | T12: =COUNTIF('평가'!$M$6:$M$29,15) | U12: =COUNTIF('평가'!$M$6:$M$29,16) | V12: =COUNTIF('평가'!$M$6:$M$29,17) | W12: =COUNTIF('평가'!$M$6:$M$29,18) | X12: =COUNTIF('평가'!$M$6:$M$29,19) | Y12: =COUNTIF('평가'!$M$6:$M$29,20) | Z12: =COUNTIF('평가'!$M$6:$M$29,21) | AA12: =COUNTIF('평가'!$M$6:$M$29,22) | AB12: =COUNTIF('평가'!$M$6:$M$29,23) | AC12: =COUNTIF('평가'!$M$6:$M$29,24)
A13: 담임12 | B13: =COUNT('평가'!N6:N29) | C13: =COUNTIF(F13:AC13,">0") | D13: =MAX(F13:AC13) | E13: =IF(B13=0,"no response yet",IF(B13<24,"missing depts",IF(C13=1,"all one group?",IF(C13>18,"too many groups?","OK")))) | F13: =COUNTIF('평가'!$N$6:$N$29,1) | G13: =COUNTIF('평가'!$N$6:$N$29,2) | H13: =COUNTIF('평가'!$N$6:$N$29,3) | I13: =COUNTIF('평가'!$N$6:$N$29,4) | J13: =COUNTIF('평가'!$N$6:$N$29,5) | K13: =COUNTIF('평가'!$N$6:$N$29,6) | L13: =COUNTIF('평가'!$N$6:$N$29,7) | M13: =COUNTIF('평가'!$N$6:$N$29,8) | N13: =COUNTIF('평가'!$N$6:$N$29,9) | O13: =COUNTIF('평가'!$N$6:$N$29,10) | P13: =COUNTIF('평가'!$N$6:$N$29,11) | Q13: =COUNTIF('평가'!$N$6:$N$29,12) | R13: =COUNTIF('평가'!$N$6:$N$29,13) | S13: =COUNTIF('평가'!$N$6:$N$29,14) | T13: =COUNTIF('평가'!$N$6:$N$29,15) | U13: =COUNTIF('평가'!$N$6:$N$29,16) | V13: =COUNTIF('평가'!$N$6:$N$29,17) | W13: =COUNTIF('평가'!$N$6:$N$29,18) | X13: =COUNTIF('평가'!$N$6:$N$29,19) | Y13: =COUNTIF('평가'!$N$6:$N$29,20) | Z13: =COUNTIF('평가'!$N$6:$N$29,21) | AA13: =COUNTIF('평가'!$N$6:$N$29,22) | AB13: =COUNTIF('평가'!$N$6:$N$29,23) | AC13: =COUNTIF('평가'!$N$6:$N$29,24)
A14: 담임13 | B14: =COUNT('평가'!O6:O29) | C14: =COUNTIF(F14:AC14,">0") | D14: =MAX(F14:AC14) | E14: =IF(B14=0,"no response yet",IF(B14<24,"missing depts",IF(C14=1,"all one group?",IF(C14>18,"too many groups?","OK")))) | F14: =COUNTIF('평가'!$O$6:$O$29,1) | G14: =COUNTIF('평가'!$O$6:$O$29,2) | H14: =COUNTIF('평가'!$O$6:$O$29,3) | I14: =COUNTIF('평가'!$O$6:$O$29,4) | J14: =COUNTIF('평가'!$O$6:$O$29,5) | K14: =COUNTIF('평가'!$O$6:$O$29,6) | L14: =COUNTIF('평가'!$O$6:$O$29,7) | M14: =COUNTIF('평가'!$O$6:$O$29,8) | N14: =COUNTIF('평가'!$O$6:$O$29,9) | O14: =COUNTIF('평가'!$O$6:$O$29,10) | P14: =COUNTIF('평가'!$O$6:$O$29,11) | Q14: =COUNTIF('평가'!$O$6:$O$29,12) | R14: =COUNTIF('평가'!$O$6:$O$29,13) | S14: =COUNTIF('평가'!$O$6:$O$29,14) | T14: =COUNTIF('평가'!$O$6:$O$29,15) | U14: =COUNTIF('평가'!$O$6:$O$29,16) | V14: =COUNTIF('평가'!$O$6:$O$29,17) | W14: =COUNTIF('평가'!$O$6:$O$29,18) | X14: =COUNTIF('평가'!$O$6:$O$29,19) | Y14: =COUNTIF('평가'!$O$6:$O$29,20) | Z14: =COUNTIF('평가'!$O$6:$O$29,21) | AA14: =COUNTIF('평가'!$O$6:$O$29,22) | AB14: =COUNTIF('평가'!$O$6:$O$29,23) | AC14: =COUNTIF('평가'!$O$6:$O$29,24)
A15: 담임14 | B15: =COUNT('평가'!P6:P29) | C15: =COUNTIF(F15:AC15,">0") | D15: =MAX(F15:AC15) | E15: =IF(B15=0,"no response yet",IF(B15<24,"missing depts",IF(C15=1,"all one group?",IF(C15>18,"too many groups?","OK")))) | F15: =COUNTIF('평가'!$P$6:$P$29,1) | G15: =COUNTIF('평가'!$P$6:$P$29,2) | H15: =COUNTIF('평가'!$P$6:$P$29,3) | I15: =COUNTIF('평가'!$P$6:$P$29,4) | J15: =COUNTIF('평가'!$P$6:$P$29,5) | K15: =COUNTIF('평가'!$P$6:$P$29,6) | L15: =COUNTIF('평가'!$P$6:$P$29,7) | M15: =COUNTIF('평가'!$P$6:$P$29,8) | N15: =COUNTIF('평가'!$P$6:$P$29,9) | O15: =COUNTIF('평가'!$P$6:$P$29,10) | P15: =COUNTIF('평가'!$P$6:$P$29,11) | Q15: =COUNTIF('평가'!$P$6:$P$29,12) | R15: =COUNTIF('평가'!$P$6:$P$29,13) | S15: =COUNTIF('평가'!$P$6:$P$29,14) | T15: =COUNTIF('평가'!$P$6:$P$29,15) | U15: =COUNTIF('평가'!$P$6:$P$29,16) | V15: =COUNTIF('평가'!$P$6:$P$29,17) | W15: =COUNTIF('평가'!$P$6:$P$29,18) | X15: =COUNTIF('평가'!$P$6:$P$29,19) | Y15: =COUNTIF('평가'!$P$6:$P$29,20) | Z15: =COUNTIF('평가'!$P$6:$P$29,21) | AA15: =COUNTIF('평가'!$P$6:$P$29,22) | AB15: =COUNTIF('평가'!$P$6:$P$29,23) | AC15: =COUNTIF('평가'!$P$6:$P$29,24)
A17: How to read | B17: Group 1-24 columns count how many departments each respondent assigned to that group number.
A18: Used groups | B18: Number of non-empty group numbers used by the respondent.
A19: Largest group | B19: Size of the largest group. Review flags are not automatic exclusions.
